CN_ID,File,Context,SuggestedKeys,Confidence,AutoTag,Priority,Status
CN-2480,/Users/emalam/Documents/GitHub/RH_2025_V3_October/Q3_paper/appendix/FAQ.tex,"(Rational bound: $2/e\approx 0.7358 < 3/4 = 0.75$.) \paragraph{FAQ-3 (Finite Gram).} The Gram matrix $G$ of $\{k_{\alpha_n}\}$ on $[-K,K]$ is finite dimensional; $\|T_P\|=\|W^{1/2}GW^{1/2}\|$.",?,0.50,external-check,medium,
CN-2481,/Users/emalam/Documents/GitHub/RH_2025_V3_October/Q3_paper/appendix/FAQ.tex,\paragraph{FAQ-7 (Weil topology).} $\mathcal W=\bigcup_K\mathcal W_K$ with the inductive limit topology; $Q$ is continuous on each $\mathcal W_K$ (Lemma~\ref{a2:lem:A2}) and thus on $\mathcal W$ (Theo,?,0.75,self-crossref,low,
CN-2482,/Users/emalam/Documents/GitHub/RH_2025_V3_October/Q3_paper/appendix/FAQ.tex,\paragraph{FAQ-8 (Link to zeta zeros).} See the Weil criterion and Section ``Weil Criterion and Implication to RH''.,Weil1952,1.00,external-claim,high,resolved
CN-2483,/Users/emalam/Documents/GitHub/RH_2025_V3_October/Q3_paper/appendix/FAQ.tex,Their product preserves positivity and supplies the regularity required for A3 and the RKHS estimates.,Aronszajn1950,0.75,method-outline,medium,resolved
CN-2484,/Users/emalam/Documents/GitHub/RH_2025_V3_October/Q3_paper/appendix/FAQ.tex,\paragraph{FAQ-11 (Anti-patterns: what we \emph{do not} assume).} \emph{No discrete spectrum claim.} We do not model the problem via a selfadjoint operator with a pure point spectrum on a Paley--Wiene,?,0.50,method-outline,medium,
CN-2485,/Users/emalam/Documents/GitHub/RH_2025_V3_October/Q3_paper/appendix/FAQ.tex,\emph{No rigged eigenfunctions.} We do not use generalized eigenvectors like $e^{i\gamma \tau}$ (with Dirac masses in frequency) as elements of our Hilbert space.,Aronszajn1950,0.50,method-outline,medium,resolved
CN-2486,/Users/emalam/Documents/GitHub/RH_2025_V3_October/Q3_paper/appendix/FAQ.tex,"\emph{No heat-trace/Weyl shortcuts.} We do not extract Weyl counting from $\mathrm{tr}\,e^{-tR^2}$; all lower bounds are via the symbol barrier for Toeplitz matrices and RKHS operator norms.",Aronszajn1950;BoettcherSilbermann2006,1.00,method-outline,medium,resolved
CN-2487,/Users/emalam/Documents/GitHub/RH_2025_V3_October/Q3_paper/appendix/FAQ.tex,\emph{No circular determinant logic.} We do not identify a Fredholm determinant with $\xi(s)$ nor assume RH to deduce bijections; our route to RH is exclusively through Weil's positivity criterion on ,Li1997,0.50,method-outline,medium,resolved
CN-2488,/Users/emalam/Documents/GitHub/RH_2025_V3_October/Q3_paper/appendix/FAQ.tex,\paragraph{FAQ-12 (Our stance).} The proof skeleton is Toeplitz + RKHS + Weil: (i) A3 handles the Archimedean symbol $P_A\in\mathrm{Lip}(1)$ and keeps primes as a finite-rank operator; (ii) RKHS yield,Aronszajn1950;BoettcherSilbermann2006,1.00,external-claim,high,resolved
CN-2489,/Users/emalam/Documents/GitHub/RH_2025_V3_October/Q3_paper/appendix/clarifications.tex,"\] \end{remark}  \begin{remark}[Dictionary density] We assert $\varepsilon$-density of the cone $\mathcal C_K$ by a finite dictionary $\mathcal G_K$ at fixed $K$, not global density by a fixed finite ",?,0.75,external-check,medium,
CN-2490,/Users/emalam/Documents/GitHub/RH_2025_V3_October/Q3_paper/appendix/clarifications.tex,"Since $Q$ is continuous on each $\mathcal W_K$ (Lemma~\ref{a2:lem:A2}), it is continuous on $\mathcal W$; see Theorem~\ref{t5:thm:T5-transfer}.",?,0.75,self-crossref,low,
CN-2491,/Users/emalam/Documents/GitHub/RH_2025_V3_October/Q3_paper/appendix/clarifications.tex,\end{remark}  \begin{remark}[Link to zeta zeros] The connection to zeros of the Riemann zeta function is handled in Section~\ref{sec:Weil} via the classical Weil criterion.,?,1.00,self-crossref,low,
CN-2492,/Users/emalam/Documents/GitHub/RH_2025_V3_October/Q3_paper/appendix/clarifications.tex,Their product preserves positivity and supplies the regularity required for A3 and the RKHS bounds.,Aronszajn1950,0.75,method-outline,medium,resolved
CN-2493,/Users/emalam/Documents/GitHub/RH_2025_V3_October/Q3_paper/appendix/clarifications.tex,"\end{remark}  \begin{remark}[What we do not assume] We do not model the problem via a selfadjoint operator with pure point spectrum on a Paley--Wiener space; on the Fourier side, multiplication by $\x",SteinShakarchi2003,0.50,method-outline,medium,resolved
CN-2494,/Users/emalam/Documents/GitHub/RH_2025_V3_October/Q3_paper/appendix/clarifications.tex,We do not use rigged eigenfunctions such as $e^{i\gamma \tau}$ as elements of the Hilbert space.,Aronszajn1950,0.50,method-outline,medium,resolved
CN-2495,/Users/emalam/Documents/GitHub/RH_2025_V3_October/Q3_paper/appendix/clarifications.tex,\end{remark}  \begin{remark}[Proof skeleton] The proof skeleton is Toeplitz $+$ RKHS $+$ Weil: (i) A3 handles the Archimedean symbol $P_A\in\mathrm{Lip}(1)$ and keeps primes as a finite-rank operator;,Aronszajn1950;BoettcherSilbermann2006,1.00,external-claim,high,resolved
CN-2496,/Users/emalam/Documents/GitHub/RH_2025_V3_October/Q3_paper/appendix/notation.tex,"\paragraph{Operators.} $\langle u,v\rangle$ is the inner product, $A^\ast$ the adjoint, $\operatorname{tr}(M)$ the trace, $\|T\|_{\mathrm{op}}$ the operator norm.",?,0.50,external-check,medium,
CN-2497,/Users/emalam/Documents/GitHub/RH_2025_V3_October/Q3_paper/appendix/repro_A3.tex,"\section{Reproducibility Data for A3, RKHS, and IND/AB}\label{app:a3-repro}  The tables in this appendix reproduce the legacy certificate outputs used in the Toeplitz bridge (A3) and in the RKHS trace",Aronszajn1950;BoettcherSilbermann2006,0.75,method-outline,medium,resolved
CN-2498,/Users/emalam/Documents/GitHub/RH_2025_V3_October/Q3_paper/appendix/verification.tex,"\item A3 (Bridge)\label{subsec:a3-atp}: \texttt{docs/tex/A3\_toeplitz\_symbol\_bridge.tex:2,39} \textemdash{} $\sum|kK_k|<\infty \Rightarrow$ Lipschitz symbol, SB bound $\lambda_{\min}\ge\min P-C\,\om",BoettcherSilbermann2006,0.50,internal-doc,low,resolved
CN-2499,/Users/emalam/Documents/GitHub/RH_2025_V3_October/Q3_paper/appendix/verification.tex,"\item MD$_{2,3}$ base\label{subsec:md-atp}: \texttt{docs/tex/MD\_2\_3\_base\_interval.tex:1} and operator form at \texttt{:38}; explicit bounds in \texttt{docs/tex/MD\_2\_3\_constants.tex:1}.",?,0.50,internal-doc,low,pending
CN-2500,/Users/emalam/Documents/GitHub/RH_2025_V3_October/Q3_paper/appendix/verification.tex,The mainline argument uses A3--Lock + unconditional trace (see Lemma~\ref{pm:lem:rho-closed-form}) and grid/T5; the RKHS contraction block is not used in the key implication to RH.,?,1.00,self-crossref,low,
CN-2501,/Users/emalam/Documents/GitHub/RH_2025_V3_October/Q3_paper/appendix/verification.tex,"\item T5 (Limit): \texttt{docs/tex/T5\_compact\_limit\_summary.tex:2}, \texttt{docs/tex/T5\_compact\_limit\_lemmas.tex:2} \textemdash{} nested dictionaries and transfer of $Q\ge0$ to the Weil class.",?,0.50,internal-doc,low,pending
CN-2502,/Users/emalam/Documents/GitHub/RH_2025_V3_October/Q3_paper/appendix/verification.tex,"\paragraph{Chain acceptance (from certs to RH).} For each compact $[-K,K]$ we record four verifiable items (see also the Acceptance Statement in \texttt{docs/tex/Weil\_criterion\_linkage.tex:24}): \be",?,0.50,internal-doc,low,pending
CN-2503,/Users/emalam/Documents/GitHub/RH_2025_V3_October/Q3_paper/appendix/verification.tex,\end{itemize} Lemma \ref{t5:lem:T5-inheritance} (monotone inheritance in $K$) together with T5 transfers $Q\ge0$ from each $\mathcal W_K$ to the Weil test class; \texttt{Weil\_criterion\_linkage.tex} ,GriffinOnoRolenZagier2019,0.50,internal-doc,low,resolved
CN-2504,/Users/emalam/Documents/GitHub/RH_2025_V3_October/Q3_paper/appendix/verification.tex,"\paragraph{Complete ATP verification summary.} All formal proofs use Vampire 5.0.0 (commit e568cd4f5, 2025-09-26) with ALASCA arithmetic reasoning: \begin{center} \small \begin{tabular}{@{}llrrl@{}} \",?,1.00,internal-proof,medium,
CN-2505,/Users/emalam/Documents/GitHub/RH_2025_V3_October/Q3_paper/appendix/verification.tex,"Mathematical content, logical structure, and proof strategies were established through classical analysis prior to formalization.",?,0.50,internal-proof,medium,pending
CN-2506,/Users/emalam/Documents/GitHub/RH_2025_V3_October/Q3_paper/preamble/titleblock.tex,"% Title block used by RH_Q3.tex \title{Operator Methods for the Weil Criterion: Q3} \author{Eugen Malamutmann, MD\thanks{ORCID: \href{https://orcid.org/0000-0003-4624-5890}{0000-0003-4624-5890}}\\* Un",Weil1952,0.75,internal-doc,low,resolved
CN-2507,/Users/emalam/Documents/GitHub/RH_2025_V3_October/Q3_paper/sections/A1prime.tex,"% Theorem A1' --- Local Cone Density on Frequency Compacts  We work on $C^+_{\mathrm{even}}([-K,K])$ with the uniform norm $\|\cdot\|_\infty$.",?,0.50,internal-proof,medium,
CN-2508,/Users/emalam/Documents/GitHub/RH_2025_V3_October/Q3_paper/sections/A1prime.tex,"\begin{theorem}[A1' --- density]\label{thm:A1-density} For every compact $[-K,K]$ the cone $\{\text{Fejér}*\text{heat approximants}\}$ is dense in $C^+_{\mathrm{even}}([-K,K])$ in $\|\cdot\|_\infty$.",Szego1952,0.50,internal-proof,medium,resolved
CN-2509,/Users/emalam/Documents/GitHub/RH_2025_V3_October/Q3_paper/sections/A1prime.tex,"\end{theorem} \begin{proof} Fejér kernels form a positive approximation identity on $\mathbb T$; heat flow preserves positivity and evenness, hence the uniform limit remains in the cone.",SteinShakarchi2003;Szego1952,1.00,internal-proof,medium,resolved
CN-2510,/Users/emalam/Documents/GitHub/RH_2025_V3_October/Q3_paper/sections/A1prime.tex,"Together with the Fej\'er (positive) hat interpolation and a Weierstrass/Fej\'er--Riesz approximation step in $\|\cdot\|_{\infty}$, this yields the cone density in $W_{\mathrm{PW},K}$ with explicit er",Li1997,0.50,external-claim,high,resolved
CN-2511,/Users/emalam/Documents/GitHub/RH_2025_V3_October/Q3_paper/sections/A1prime.tex,\end{proof}  \begin{lemma}[Fixed-$t_0$ cone density]\label{lem:a1-fixed-t-density} Fix $K>0$ and $t_0>0$.,?,0.50,internal-proof,medium,
CN-2512,/Users/emalam/Documents/GitHub/RH_2025_V3_October/Q3_paper/sections/A2.tex,"\end{corollary} \begin{proof} The Archimedean term is continuous in $\Phi$ in $L^1([-K,K])$ because $a^\ast$ is bounded on the compact, while the prime term is a finite sum of point evaluations by Lem",?,0.50,internal-proof,medium,
CN-2513,/Users/emalam/Documents/GitHub/RH_2025_V3_October/Q3_paper/sections/A2.tex,\end{lemma} \begin{proof} The Lipschitz bound follows from Lemma~\ref{lem:Q-local-finite}.,?,0.50,self-crossref,low,
CN-2514,/Users/emalam/Documents/GitHub/RH_2025_V3_October/Q3_paper/sections/A3/arch_bounds.tex,"% Formal Arch bounds: explicit L_A(B,t) and A0 lower bound, no float \section*{Formal Arch bounds (symbol side)}  \begin{lemma}[Explicit Lipschitz modulus, recalled]\label{lem:a3.lipschitz-explicit} A",?,0.50,internal-proof,medium,pending
CN-2515,/Users/emalam/Documents/GitHub/RH_2025_V3_October/Q3_paper/sections/A3/arch_bounds.tex,"\end{equation} \end{proposition}  \begin{lemma}[Core/off-core lower bound for $A_0$]\label{a3:lem:A0-core-offcore} Fix $r\in(0,B)$.",?,0.50,internal-proof,medium,
CN-2516,/Users/emalam/Documents/GitHub/RH_2025_V3_October/Q3_paper/sections/A3/arch_bounds.tex,"\end{equation} Optimizing $r$ within $(0,B)$ yields an explicit positive lower bound $A_{0,\mathrm{lo}}(B,t)$ whenever $m_r$ is known.",?,0.50,external-check,medium,pending
CN-2517,/Users/emalam/Documents/GitHub/RH_2025_V3_October/Q3_paper/sections/A3/calibration.tex,"% A3 Calibration: explicit value of \kappa_{A3} \subsection{A3 Calibration: The Constant $\kappa_{\mathrm{A3}}(t_0)$} \label{a3:sec:A3-calibration} \SeeAlso{Normalization T0 Lemma~\ref{t0:lem:T0}, Toe",?,1.00,self-crossref,low,
CN-2518,/Users/emalam/Documents/GitHub/RH_2025_V3_October/Q3_paper/sections/A3/calibration.tex,"\end{equation} By the T0 normalization (Lemma~\ref{t0:lem:T0}), the Weil functional on our axis is \begin{equation}\label{eq:A3_calibration_kappa-q-functional-1}   Q(\Phi)\ =\ \int_{\RR} a_*(\xi)\,\Ph",?,0.50,self-crossref,low,
CN-2519,/Users/emalam/Documents/GitHub/RH_2025_V3_October/Q3_paper/sections/A3/calibration.tex,\end{lemma} \phantomsection\label{a3:lem:rayleigh_sampling_id}  \begin{lemma}[Rayleigh identification]\label{lem:rayleigh-sampling} For every even Fej\'er$\times$heat window $\Phi$ the operator form a,?,1.00,internal-proof,medium,pending
CN-2520,/Users/emalam/Documents/GitHub/RH_2025_V3_October/Q3_paper/sections/A3/calibration.tex,"\] The Dirichlet sampling operator maps $p(\theta)=\sum_{k\in\ZZ} \widehat \Phi(k)\,e^{ik\theta}$ to $\Phi$; hence \[   \Big\langle T_M[P_A]p,\,p\Big\rangle   = \sum_{k\in\ZZ} A_k\,|\widehat \Phi(k)|^",MontgomeryVaughan2007,0.50,external-check,medium,resolved
CN-2521,/Users/emalam/Documents/GitHub/RH_2025_V3_October/Q3_paper/sections/A3/calibration.tex,\end{proof}  \begin{proposition}[Bridge margin calibration]\label{prop:a3-calib} Under Assumptions \textnormal{(A3.1)--(A3.3)} and the standing slack $\rhok\le \czero/2$ the mixed Toeplitz block satis,BoettcherSilbermann2006,0.50,internal-proof,medium,resolved
CN-2522,/Users/emalam/Documents/GitHub/RH_2025_V3_October/Q3_paper/sections/A3/fejer_modulus.tex,"We record the basic bounds needed in the sequel; see, e.g., Stein--Shakarchi \cite[Ch.~2]{SteinShakarchi2003} for the Fej\'er kernel and the classical heat kernel estimates.",SteinShakarchi2003,1.00,external-check,medium,resolved
CN-2523,/Users/emalam/Documents/GitHub/RH_2025_V3_October/Q3_paper/sections/A3/fejer_modulus.tex,"\begin{lemma}[Uniform bounds]\label{lem:a3-fejer-uniform} For every $M\in\NN$ and $t>0$ one has \[   0 \le \mathrm{Fej}_M(\theta) \le M+1,\qquad   0 \le h_t(\theta) \le \frac{C}{\sqrt{t}}, \] and ther",Szego1952,0.50,internal-proof,medium,resolved
CN-2524,/Users/emalam/Documents/GitHub/RH_2025_V3_October/Q3_paper/sections/A3/fejer_modulus.tex,\end{lemma}  \begin{proof} The Fej\'er kernel is the Ces\'aro mean of Dirichlet kernels and satisfies $\mathrm{Fej}_M(\theta) \le M+1$; the bound for $h_t$ is classical (Gaussian upper bound).,MontgomeryVaughan2007,1.00,internal-proof,medium,resolved
CN-2525,/Users/emalam/Documents/GitHub/RH_2025_V3_October/Q3_paper/sections/A3/fejer_modulus.tex,"\end{proof}  \begin{lemma}[Lipschitz modulus]\label{lem:a3-fejer-lip} Let $f \in C^1([-K,K])$ with bounded derivative.",Szego1952,0.50,internal-proof,medium,resolved
CN-2526,/Users/emalam/Documents/GitHub/RH_2025_V3_October/Q3_paper/sections/A3/fejer_modulus.tex,"\end{lemma} \begin{proof} Differentiate under the convolution and use Lemma~\ref{lem:a3-fejer-uniform} to bound the $L^1$-norm and the first moment of $\Xi_{M,t}$.",?,0.75,self-crossref,low,
CN-2527,/Users/emalam/Documents/GitHub/RH_2025_V3_October/Q3_paper/sections/A3/fejer_modulus.tex,\end{corollary} \begin{proof} Apply Lemma~\ref{lem:a3-fejer-lip} to $f=a$ and note that convolution with the Fej\'er--heat kernel preserves the Lipschitz modulus up to the displayed factor.,?,0.50,self-crossref,low,
CN-2528,/Users/emalam/Documents/GitHub/RH_2025_V3_October/Q3_paper/sections/A3/fejer_modulus.tex,"\end{proof}  These analytic bounds will be combined with the Szeg\H{o}--B\""ottcher barrier in the mixed bridge inequality of Theorem~\ref{thm:A3}.",?,0.50,self-crossref,low,
CN-2529,/Users/emalam/Documents/GitHub/RH_2025_V3_October/Q3_paper/sections/A3/local_positivity.tex,\begin{lemma}[Local positivity for Lipschitz symbols]\label{lem:local-positivity} Suppose $P_A \in \Lip(1)$ on $\TT$ and there exists an arc $\Gamma$ of length $\ell>0$ with $P_A(\theta)\ge c_0>0$ for,Li1997,0.50,internal-proof,medium,resolved
CN-2530,/Users/emalam/Documents/GitHub/RH_2025_V3_October/Q3_paper/sections/A3/locks.tex,\subsection{A3 locking summary}\label{a3:sec:locks}  We record how the local ingredients assembled in \S\ref{sec:A3} feed the global lock:  \begin{itemize}   \item Lemma~\ref{lem:a3.cap-combine} suppl,?,0.50,self-crossref,low,
CN-2531,/Users/emalam/Documents/GitHub/RH_2025_V3_October/Q3_paper/sections/A3/locks.tex,\item Lemma~\ref{lem:trace-cap-bound} (powered by Theorem~\ref{thm:rkhs-tstar}) gives the $L^2$ trace bound on the RKHS slice.,?,1.00,self-crossref,low,
CN-2532,/Users/emalam/Documents/GitHub/RH_2025_V3_October/Q3_paper/sections/A3/locks.tex,\item Theorem~\ref{thm:a3-mixed-margin} combines the symbol barrier with the RKHS prime cap from Proposition~\ref{prop:a3-prime-cap} and the Frobenius guard of Corollary~\ref{cor:toeplitz-frob}.,?,0.75,self-crossref,low,
CN-2533,/Users/emalam/Documents/GitHub/RH_2025_V3_October/Q3_paper/sections/A3/locks.tex,"\end{itemize}  \begin{corollary}[Lock]\label{cor:D3-lock} Under the hypotheses of Lemmas~\ref{lem:a3.cap-combine}, \ref{lem:a3.two-scale} and \ref{lem:trace-cap-bound} the A3 lock closes with a consta",?,0.75,internal-proof,medium,
CN-2534,/Users/emalam/Documents/GitHub/RH_2025_V3_October/Q3_paper/sections/A3/locks.tex,"\end{corollary} \phantomsection\label{a3:cor:A3_lock_formal}  \begin{proof} Lemma~\ref{lem:a3.cap-combine} gives almost orthogonality, Lemma~\ref{lem:a3.two-scale} controls interactions between scales",?,1.00,self-crossref,low,
CN-2535,/Users/emalam/Documents/GitHub/RH_2025_V3_October/Q3_paper/sections/A3/main.tex,"% Toeplitz--symbol bridge (A3) --- quantitative formulation \SeeAlso{Lemmas~\ref{lem:a3.bv-to-lip}--\ref{lem:a3.cap-combine}, Local positivity Lemma~\ref{lem:local-positivity}, trace-cap Lemma~\ref{le",?,1.00,self-crossref,low,
CN-2536,/Users/emalam/Documents/GitHub/RH_2025_V3_October/Q3_paper/sections/A3/main.tex,\] The following chain of lemmas replaces all “A3 assume …” statements by explicit estimates.,?,0.50,internal-proof,medium,pending
CN-2537,/Users/emalam/Documents/GitHub/RH_2025_V3_October/Q3_paper/sections/A3/main.tex,\end{lemma}  \begin{proof} Standard convolution estimates yield $\|a*K_t\|_\infty\le \|a\|_\infty$.,?,0.75,internal-proof,medium,
CN-2538,/Users/emalam/Documents/GitHub/RH_2025_V3_October/Q3_paper/sections/A3/main.tex,"\end{proof}  \begin{lemma}[Uniform bounds for the smoothed symbol]\label{lem:a3.sup-bounds} Under the assumptions of Lemma~\ref{lem:a3.bv-to-lip}, \[   \|\Pa\|_{L^\infty}\le \|a\|_{L^\infty},\qquad   ",?,0.50,self-crossref,low,
CN-2539,/Users/emalam/Documents/GitHub/RH_2025_V3_October/Q3_paper/sections/A3/main.tex,\end{proof}  \begin{lemma}[Two-scale selection and preservation of the Arch floor]\label{lem:a3.two-scale} Assume $\Pa=a*K_{t_{\mathrm{sym}}}$ with $a\in\BV(\TT)$ and let $\Gamma\subset \TT$ be the ar,?,0.50,internal-proof,medium,
CN-2540,/Users/emalam/Documents/GitHub/RH_2025_V3_October/Q3_paper/sections/A3/main.tex,"Moreover, for any $t_{\mathrm{rkhs}}\ge t_{\mathrm{sym}}$ the RKHS kernel associated to $t_{\mathrm{rkhs}}$ enjoys a uniform floor $c_0(K_{t_{\mathrm{rkhs}}})\ge c_\ast>0$ independent of the Toeplitz ",Aronszajn1950;BoettcherSilbermann2006,0.75,method-outline,medium,resolved
CN-2541,/Users/emalam/Documents/GitHub/RH_2025_V3_October/Q3_paper/sections/A3/main.tex,The RKHS floor follows from the explicit Gram estimates used in the trace-cap bound (see Lemma~\ref{lem:trace-cap-bound}); choosing $t_{\mathrm{rkhs}}\ge t_{\mathrm{sym}}$ keeps the same positivity bu,?,1.00,self-crossref,low,
CN-2542,/Users/emalam/Documents/GitHub/RH_2025_V3_October/Q3_paper/sections/A3/main.tex,"Then the Toeplitz operator $\TPA$ satisfies \[   \TPA \succeq \czero\,I,\qquad \|\TPA\|_{\op}\le \|\Pa\|_{L^\infty}.",BoettcherSilbermann2006,0.50,method-outline,medium,resolved
CN-2543,/Users/emalam/Documents/GitHub/RH_2025_V3_October/Q3_paper/sections/A3/main.tex,"\] In particular, once $\rhok\ge \|\Pa\|_{L^\infty}$ the A3-lock positivity and boundedness hypotheses hold.",?,0.50,external-check,medium,
CN-2544,/Users/emalam/Documents/GitHub/RH_2025_V3_October/Q3_paper/sections/A3/main.tex,"\end{proof}  \begin{lemma}[Combining with the trace-cap]\label{lem:a3.cap-combine} Suppose $\Pa$ is constructed as above and the RKHS/trace-cap estimate \[   \|\TPA\|_{\op}\le \rhok \] holds for $(B,t",Aronszajn1950,1.00,internal-proof,medium,resolved
CN-2545,/Users/emalam/Documents/GitHub/RH_2025_V3_October/Q3_paper/sections/A3/main.tex,Then $\TPA$ simultaneously satisfies the positivity floor and the operator-norm bound required by A3-lock.,?,0.75,external-check,medium,
CN-2546,/Users/emalam/Documents/GitHub/RH_2025_V3_October/Q3_paper/sections/A3/main.tex,"\end{lemma}  \begin{proof} Apply Lemmas~\ref{lem:a3.two-scale} and \ref{lem:a3.lip-floor}, together with the stated trace-cap inequality.",?,0.50,internal-proof,medium,pending
CN-2547,/Users/emalam/Documents/GitHub/RH_2025_V3_October/Q3_paper/sections/A3/main.tex,"\end{lemma}  \begin{proof} Lemma~\ref{lem:a3-core-lower-bound} gives \[   \underline{A}_0(B,r,t_{\mathrm{sym}})   = e^{-4\pi^2 t_{\mathrm{sym}} r^2}     \Bigl(2m_r r\bigl(1-\tfrac{r}{B}\bigr) - \frac{",?,0.50,self-crossref,low,
CN-2548,/Users/emalam/Documents/GitHub/RH_2025_V3_October/Q3_paper/sections/A3/main.tex,Lemma~\ref{lem:a3-lipschitz-bound} supplies the Lipschitz estimate.,?,0.50,self-crossref,low,
CN-2549,/Users/emalam/Documents/GitHub/RH_2025_V3_October/Q3_paper/sections/A3/main.tex,"\end{enumerate}  \begin{theorem}[A3 bridge inequality]\label{thm:A3} Let $K>0$ and let $(B,t_{\mathrm{sym}},t_{\mathrm{rkhs}})$ satisfy \textnormal{(A3.1)}–\textnormal{(A3.3)}; in particular one may u",Aronszajn1950,0.75,internal-proof,medium,resolved
CN-2550,/Users/emalam/Documents/GitHub/RH_2025_V3_October/Q3_paper/sections/A3/main.tex,The theorem therefore yields the stated operator inequality.,?,0.50,internal-proof,medium,pending
CN-2551,/Users/emalam/Documents/GitHub/RH_2025_V3_October/Q3_paper/sections/A3/main.tex,"Lemma~\ref{lem:a3-model-space} combined with Theorem~\ref{thm:a3-rayleigh-identification} converts the matrix margin into $Q(\Phi_{B,t})\ge0$.",?,0.50,self-crossref,low,
CN-2552,/Users/emalam/Documents/GitHub/RH_2025_V3_October/Q3_paper/sections/A3/matrix_guard.tex,Together with the RKHS prime cap they deliver the mixed lower bound required for Track~B.,Aronszajn1950,0.50,method-outline,medium,resolved
CN-2553,/Users/emalam/Documents/GitHub/RH_2025_V3_October/Q3_paper/sections/A3/matrix_guard.tex,"\] \end{lemma}  \begin{proof} The Hoffman--Wielandt inequality gives \(\sum_i |\lambda_i(B)-\lambda_{\sigma(i)}(A)|^2\le \|E\|_F^2\) for a suitable permutation $\sigma$; see Horn--Johnson, \emph{Matri",?,0.50,internal-proof,medium,pending
CN-2554,/Users/emalam/Documents/GitHub/RH_2025_V3_October/Q3_paper/sections/A3/matrix_guard.tex,\end{proof}  \begin{corollary}[Frobenius slack for Toeplitz glue]\label{cor:toeplitz-frob} Let $T_M[P]$ be a Toeplitz matrix and $\Delta T$ a perturbation with $\|\Delta T\|_F\le \varepsilon$.,BoettcherSilbermann2006,0.50,internal-proof,medium,resolved
CN-2555,/Users/emalam/Documents/GitHub/RH_2025_V3_October/Q3_paper/sections/A3/matrix_guard.tex,\] \end{lemma}  \begin{remark}[Sources and scope of $C_{\mathrm{SB}}$] This is the classical Toeplitz eigenvalue stability for Lipschitz symbols.,BoettcherSilbermann2006,0.75,internal-proof,medium,resolved
CN-2556,/Users/emalam/Documents/GitHub/RH_2025_V3_October/Q3_paper/sections/A3/matrix_guard.tex,"We use the version recorded in B\""ottcher--Silbermann's \textit{Introduction to Large Truncated Toeplitz Matrices} (Theorem~5.5 together with Corollary~5.7 in Chapter~5); see also Grenander--Szeg\H{o}",BoettcherSilbermann2006,0.75,external-claim,high,resolved
CN-2557,/Users/emalam/Documents/GitHub/RH_2025_V3_October/Q3_paper/sections/A3/matrix_guard.tex,"Coupled with the RKHS prime contraction (Theorem~\ref{thm:rkhs-tstar}) and the discretisation threshold below, it yields the mixed lower bound summarised in Theorem~\ref{thm:A3}.",?,0.75,self-crossref,low,
CN-2558,/Users/emalam/Documents/GitHub/RH_2025_V3_October/Q3_paper/sections/A3/matrix_guard.tex,"Let $L_A(B,t_{\mathrm{sym}})$ be the Lipschitz constant from Lemma~\ref{lem:a3-lipschitz-bound} and define \[   M_0(K)\ :=\ \Biggl\lceil \frac{2\pi\,C_{\mathrm{SB}}\,L_A(B,t_{\mathrm{sym}})}{c_{\mathr",?,0.50,self-crossref,low,
CN-2559,/Users/emalam/Documents/GitHub/RH_2025_V3_October/Q3_paper/sections/A3/matrix_guard.tex,"Insert this bound into Lemma~\ref{lem:a3-sb-barrier} and take $M\ge M_0(K)$ so that $C_{\mathrm{SB}}\,\omega_{P_A}(\pi/M)\le \tfrac12\,c_{\mathrm{arch}}(K)$.",?,0.50,self-crossref,low,
CN-2560,/Users/emalam/Documents/GitHub/RH_2025_V3_October/Q3_paper/sections/A3/matrix_guard.tex,"\] For every $t_{\mathrm{rkhs}}\ge t_{\mathrm{rkhs}}^\star(K)$ the symmetrised prime operator satisfies \[   \|T_P\|\ \le\ \rho(t_{\mathrm{rkhs}})\ \le\ \frac{c_{\mathrm{arch}}(K)}{4}, \] where $\rho(",Aronszajn1950,0.75,method-outline,medium,resolved
CN-2561,/Users/emalam/Documents/GitHub/RH_2025_V3_October/Q3_paper/sections/A3/matrix_guard.tex,"Thus for every $t_{\mathrm{rkhs}}\ge t_{\mathrm{rkhs}}^\star(K)$ we obtain \(   \rho(t_{\mathrm{rkhs}}) \le e^{1/4} / (8\pi^2 t_{\mathrm{rkhs}} - \tfrac12)   \le c_{\mathrm{arch}}(K)/4, \) which is th",Aronszajn1950,0.50,method-outline,medium,resolved
CN-2562,/Users/emalam/Documents/GitHub/RH_2025_V3_October/Q3_paper/sections/A3/matrix_guard.tex,"\end{proof}  \begin{theorem}[Mixed Toeplitz--prime margin]\label{thm:a3-mixed-margin} Fix $K>0$ and choose smoothing parameters $(B,t_{\mathrm{sym}})$ such that the Archimedean margin $c_{\mathrm{arch",BoettcherSilbermann2006,0.50,internal-proof,medium,resolved
CN-2563,/Users/emalam/Documents/GitHub/RH_2025_V3_October/Q3_paper/sections/A3/matrix_guard.tex,\end{theorem}  \begin{proof} Combine Lemma~\ref{lem:a3-sb-barrier} with Lemma~\ref{lem:a3.lip-floor} to control the Toeplitz part and apply Proposition~\ref{prop:a3-prime-cap} to the prime component.,?,0.75,self-crossref,low,
CN-2564,/Users/emalam/Documents/GitHub/RH_2025_V3_October/Q3_paper/sections/A3/matrix_guard.tex,The stated lower bound follows once we impose $t_{\mathrm{rkhs}}\ge t_{\mathrm{rkhs}}^\star(K)$ and $M\ge M_0(K)$.,Aronszajn1950,0.50,method-outline,medium,resolved
CN-2565,/Users/emalam/Documents/GitHub/RH_2025_V3_October/Q3_paper/sections/A3/matrix_guard.tex,"These choices coincide with the guard required by Theorem~\ref{thm:a3-mixed-margin}, while the Frobenius slack of Corollary~\ref{cor:toeplitz-frob} distributes the residual perturbative budgets across",?,0.50,self-crossref,low,
CN-2566,/Users/emalam/Documents/GitHub/RH_2025_V3_October/Q3_paper/sections/A3/rayleigh_bridge.tex,% Analytic rewrite: Rayleigh identification for the Toeplitz bridge % Phase 1 (Brick A3.1) – derived from docs/lemmas/A3_bridge_outline.md  \subsection{Rayleigh Identification for the Toeplitz Bridge},BoettcherSilbermann2006,1.00,internal-proof,medium,resolved
CN-2567,/Users/emalam/Documents/GitHub/RH_2025_V3_October/Q3_paper/sections/A3/rayleigh_bridge.tex,"\begin{lemma}[Model--space restriction]\label{lem:a3-model-space} The Toeplitz operator $T_M[P_A]$ acts on $\mathcal P_M$, is self-adjoint and satisfies \[   \left\langle T_M[P_A]\,p,\,p\right\rangle_",BoettcherSilbermann2006,0.75,internal-proof,medium,resolved
CN-2568,/Users/emalam/Documents/GitHub/RH_2025_V3_October/Q3_paper/sections/A3/rayleigh_bridge.tex,\] \end{lemma}  \begin{proof} The Toeplitz matrix $T_M[P_A]$ is the compression of the Fourier multiplier with symbol $P_A$ to $\mathcal P_M$; the stated quadratic form is the standard representation ,BoettcherSilbermann2006;SteinShakarchi2003,1.00,internal-proof,medium,resolved
CN-2569,/Users/emalam/Documents/GitHub/RH_2025_V3_October/Q3_paper/sections/A3/rayleigh_bridge.tex,"Then \[   \left\langle (T_M[P_A]-T_P^{(M)})\,1,\,1\right\rangle_{L^2(\TT)}   = \int_{-\pi}^{\pi} P_A(\theta)\,\frac{d\theta}{2\pi}     - \sum_{\substack{n\ge2\\ |\xi_n|\le B}} w(n)\,\Phi_{B,t}(\xi_n) ",?,0.50,external-check,medium,
CN-2570,/Users/emalam/Documents/GitHub/RH_2025_V3_October/Q3_paper/sections/A3/rayleigh_bridge.tex,"\end{theorem}  \begin{proof} Applying Lemma~\ref{lem:a3-rayleigh-quotient} with $p\equiv1$ yields \[   \left\langle (T_M[P_A]-T_P^{(M)})\,1,\,1\right\rangle_{L^2(\TT)}   = \int_{-\pi}^{\pi} P_A(\theta",?,0.50,self-crossref,low,
CN-2571,/Users/emalam/Documents/GitHub/RH_2025_V3_October/Q3_paper/sections/A3/rayleigh_bridge.tex,"\end{proof}  \begin{remark}[Density and limit passage]\label{rem:a3-density-rayleigh} Trigonometric polynomials are dense in $L^2(\TT)$, hence the identity in Theorem~\ref{thm:a3-rayleigh-identificati",?,0.75,self-crossref,low,
CN-2572,/Users/emalam/Documents/GitHub/RH_2025_V3_October/Q3_paper/sections/A3/rayleigh_bridge.tex,"The Fej\'er kernel ensures that $T_M[P_A]$ converges strongly to the full Toeplitz operator, so the above equality records the exact analytic correspondence between the Toeplitz quadratic form and the",BoettcherSilbermann2006,1.00,method-outline,medium,resolved
CN-2573,/Users/emalam/Documents/GitHub/RH_2025_V3_October/Q3_paper/sections/A3/symbol_floor.tex,"\begin{lemma}[Lipschitz modulus]\label{lem:a3-lipschitz-bound} For every $h\ge 0$ one has \[   \omega_{P_A}(h)\ \le\ L_A(B,t_{\mathrm{sym}})\,h, \] where \[   L_A(B,t_{\mathrm{sym}})   := \frac{\|a\|_",?,0.50,internal-proof,medium,pending
CN-2574,/Users/emalam/Documents/GitHub/RH_2025_V3_October/Q3_paper/sections/A3/symbol_floor.tex,"Since $|\theta-\theta_0|\le \pi$, the Lipschitz bound and Lemma~\ref{lem:a3-core-lower-bound} give the claimed inequality.",?,0.50,self-crossref,low,
CN-2575,/Users/emalam/Documents/GitHub/RH_2025_V3_October/Q3_paper/sections/A3/symbol_floor.tex,"\end{proof}  \begin{remark}[References] The Lipschitz estimate relies on standard Fourier analysis for compactly supported smooth kernels (see, e.g., Stein--Shakarchi~\cite[Ch.~2]{SteinShakarchi2003} ",SteinShakarchi2003,1.00,internal-proof,medium,resolved
CN-2576,/Users/emalam/Documents/GitHub/RH_2025_V3_October/Q3_paper/sections/A3/symbol_floor.tex,"The quantitative Toeplitz eigenvalue barrier used later takes the form $\lambda_{\min}(T_M[P])\ge\min P - C_{\mathrm{SB}}\,\omega_P(\pi/M)$ with $C_{\mathrm{SB}}=4$, as recorded in B\""ottcher--Silberm",BoettcherSilbermann2006,0.50,method-outline,medium,resolved
CN-2577,/Users/emalam/Documents/GitHub/RH_2025_V3_October/Q3_paper/sections/D3/amp_noD3.tex,"% Amplitude closure without D3 \section*{Amplitude closure without D3}  \begin{proposition}[AB($K$) supplied by A3]\label{prop:AB-closure-K} Lemmas~\ref{lem:local-positivity}, \ref{lem:a3.bv-to-lip}, ",Li1997,0.50,internal-proof,medium,resolved
CN-2578,/Users/emalam/Documents/GitHub/RH_2025_V3_October/Q3_paper/sections/D3/amp_noD3.tex,"In particular, if $\rhok<\czero(K)/2$ the mixed lower bound is positive; with T5 this yields $Q\ge0$ on the Weil class and \WeilImpRH.",Weil1952,0.50,external-claim,high,resolved
CN-2579,/Users/emalam/Documents/GitHub/RH_2025_V3_October/Q3_paper/sections/D3/amp_noD3.tex,\end{theorem}  \begin{proof} Insert the AB($K$) bounds into Theorem~\ref{thm:A3} and use Corollary~\ref{cor:D3-lock} to control the prime term.,?,0.50,self-crossref,low,
CN-2580,/Users/emalam/Documents/GitHub/RH_2025_V3_October/Q3_paper/sections/D3/operator_bridge.tex,% D3: From dispersion to operator contraction \section{D3: Operator Bridge to \texorpdfstring{$\|T_P\|\le 1-\delta_0$}{||T_P|| ≤ 1−δ0}}\label{d3:sec:D3-operator} \SeeAlso{D3 dispersion (Lemma~\ref{d3:,?,1.00,self-crossref,low,
CN-2581,/Users/emalam/Documents/GitHub/RH_2025_V3_October/Q3_paper/sections/D3/operator_bridge.tex,"\begin{lemma}[Dispersion via A2/A3 data]\label{d3:lem:D3-dispersion} Assume the A3 hypotheses: $P_A\in\Lip(1)$ with $\min P_A\ge \czero>0$ (Lemmas~\ref{lem:a3.bv-to-lip}, \ref{lem:a3.lip-floor}), the ",?,0.75,internal-proof,medium,pending
CN-2582,/Users/emalam/Documents/GitHub/RH_2025_V3_October/Q3_paper/sections/D3/operator_bridge.tex,\end{lemma}  \begin{proof} The Lipschitz control from Lemmas~\ref{lem:a3.bv-to-lip} and \ref{lem:a3.sup-bounds} bounds the near-diagonal contribution by $\omega_{P_A}(t_{\mathrm{sym}})$.,?,0.50,internal-proof,medium,pending
CN-2583,/Users/emalam/Documents/GitHub/RH_2025_V3_October/Q3_paper/sections/D3/operator_bridge.tex,The trace-cap bound (Lemma~\ref{lem:trace-cap-bound}) together with Lemma~\ref{lem:a3.two-scale} controls the RKHS tail by $\epsK(t_{\mathrm{rkhs}})$.,?,1.00,self-crossref,low,
CN-2584,/Users/emalam/Documents/GitHub/RH_2025_V3_October/Q3_paper/sections/D3/operator_bridge.tex,"\end{proof}  \begin{theorem}[D3: Structural contraction]\label{d3:thm:D3-contraction} If Lemma~\ref{d3:lem:D3-dispersion} provides a gain $\delta_\ast>0$ after fixing the scales, then there exists $\d",?,0.75,self-crossref,low,
CN-2585,/Users/emalam/Documents/GitHub/RH_2025_V3_October/Q3_paper/sections/D3/operator_bridge.tex,"\end{equation} Inserting this into the mixed Toeplitz bound with Lipschitz symbol $P_A$ yields, for $M\gg K^3$, \begin{equation}\label{eq:D3_operator_bridge-lambda-min}   \lambda_{\min}(T_M[P_A]-T_P)\",BoettcherSilbermann2006,0.75,method-outline,medium,resolved
CN-2586,/Users/emalam/Documents/GitHub/RH_2025_V3_October/Q3_paper/sections/D3/operator_bridge.tex,\end{equation} \end{theorem}  \begin{proof}[Sketch] In the packet basis the matrix of $T_P$ is $W^{1/2}GW^{1/2}$; the dispersion bound forces its Rayleigh quotients below $1-\delta_0$.,?,0.50,internal-proof,medium,
CN-2587,/Users/emalam/Documents/GitHub/RH_2025_V3_October/Q3_paper/sections/D3/structural_PC_theorem.tex,"% D3: Structural PC(K) Theorem (Prime-power lift / Bilinear resonance) \section{D3: Structural PC(K) Theorem}\label{d3:sec:D3-structural} \SeeAlso{D3 dispersion (Lemma~\ref{d3:lem:D3-dispersion}), ope",?,1.00,self-crossref,low,
CN-2588,/Users/emalam/Documents/GitHub/RH_2025_V3_October/Q3_paper/sections/D3/structural_PC_theorem.tex,"Denote by $P_A$ the Archimedean symbol after the A3 smoothing, by $T_M[P_A]$ its Toeplitz truncation, and by $T_P$ the even prime operator on $[-K,K]$.",BoettcherSilbermann2006,0.50,method-outline,medium,resolved
CN-2589,/Users/emalam/Documents/GitHub/RH_2025_V3_October/Q3_paper/sections/D3/structural_PC_theorem.tex,"\] \end{theorem} \begin{proof} A3 (Lemmas~\ref{lem:a3.bv-to-lip}, \ref{lem:a3.lip-floor}, \ref{lem:a3.cap-combine}, \ref{lem:a3.two-scale}) yields (i)--(iii); Lemma~\ref{lem:trace-cap-bound} fixes the",?,1.00,self-crossref,low,
CN-2590,/Users/emalam/Documents/GitHub/RH_2025_V3_October/Q3_paper/sections/D3/structural_PC_theorem.tex,Lemma~\ref{d3:lem:D3-dispersion} then provides the dispersion bound.,?,0.50,self-crossref,low,
CN-2591,/Users/emalam/Documents/GitHub/RH_2025_V3_October/Q3_paper/sections/D3/structural_PC_theorem.tex,"\end{proof}  \begin{corollary}[D3-lock] Under Theorem~\ref{thm:AC-D3-structure}, for any normalized RKHS test $f$, \[   \Biggl|\sum_{p\le A}\Bigl(f(p)-\mathbb{E}_{\mathcal{P}\cap[1,A]}f\Bigr)\Biggr|\ ",?,0.50,self-crossref,low,
CN-2592,/Users/emalam/Documents/GitHub/RH_2025_V3_October/Q3_paper/sections/IND_AB/AB_infinity_closure.tex,"\item The scales $t_{\mathrm{sym}}, t_{\mathrm{rkhs}}$ are bounded away from~$0$, so the         arch-floor constants and the modular cap norms remain uniform along the         AB$_\infty$ ladder.",Aronszajn1950,0.50,method-outline,medium,resolved
CN-2593,/Users/emalam/Documents/GitHub/RH_2025_V3_October/Q3_paper/sections/IND_AB/AB_infinity_closure.tex,\item \textbf{Grid $\to$ continuum $\to$ Weil transfer.} By A1$'$ (Theorem 9.2) the Fej\'er$\times$heat cone is dense in $W_K$ in $\|\cdot\|_\infty$; by A2 (Proposition 10.2) $Q$ is Lipschitz on $W_K$,Li1997,0.50,external-claim,high,resolved
CN-2594,/Users/emalam/Documents/GitHub/RH_2025_V3_October/Q3_paper/sections/IND_AB/AB_infinity_closure.tex,"With the monotone parameter schedule (Lemma 17.4), Theorem 18.2 transfers positivity to the Weil class.",GriffinOnoRolenZagier2019,1.00,external-claim,high,resolved
CN-2595,/Users/emalam/Documents/GitHub/RH_2025_V3_October/Q3_paper/sections/IND_AB/IND_prime_step.tex,"\end{theorem} \begin{proof} Rank--one update: $T_P^{\mathrm{new}}=T_P^{\mathrm{old}}+ w_{\mathrm{new}}\,|k_{\alpha_{\mathrm{new}}}\rangle\langle k_{\alpha_{\mathrm{new}}}|$ with $\|k_{\alpha}\|=1$ giv",?,0.75,internal-proof,medium,
CN-2596,/Users/emalam/Documents/GitHub/RH_2025_V3_October/Q3_paper/sections/IND_AB/IND_prime_step.tex,"\end{corollary}  \begin{lemma}[Analytic bound for early blocks]\label{md:lem:IND-early-analytic} Let $\Phi_{B,t}(\xi)=(1-|\xi|/B)_+e^{-4\pi^2 t\xi^2}$ with $B>0$.",?,0.50,internal-proof,medium,
CN-2597,/Users/emalam/Documents/GitHub/RH_2025_V3_October/Q3_paper/sections/IND_AB/MD_2_3_base_interval.tex,"\end{theorem} \begin{remark}[Constants table] Illustrative bounds supporting the sufficient condition\,(\ref{md:eq:MD23-criterion}) for sample parameters $(B,r,t)$ are summarized in the appendix table",?,0.50,internal-proof,medium,
CN-2598,/Users/emalam/Documents/GitHub/RH_2025_V3_October/Q3_paper/sections/IND_AB/MD_2_3_base_interval.tex,"\end{proof} \begin{remark} Explicit lower bounds for $m_r$ on small $r$ follow from classical digamma bounds (see, e.g., \cite[\S5]{NISTDLMF}); $N_{B,r}$ is finite for fixed $B$ and admits explicit up",?,0.75,internal-proof,medium,pending
CN-2599,/Users/emalam/Documents/GitHub/RH_2025_V3_October/Q3_paper/sections/IND_AB/MD_2_3_base_interval.tex,"\end{remark}  % Operator (RKHS) formulation for the base interval \begin{theorem}[MD$_{2,3}$ in operator form]\label{md:thm:MD23-operator} Let $B\in[B_3,B_4)$ so that only $n\in\{2,3\}$ are active on ",Aronszajn1950,0.75,internal-proof,medium,resolved
CN-2600,/Users/emalam/Documents/GitHub/RH_2025_V3_October/Q3_paper/sections/IND_AB/MD_2_3_base_interval.tex,\end{theorem} \begin{proof} The update is a finite sum of positive rank--one operators.,?,0.50,internal-proof,medium,
CN-2601,/Users/emalam/Documents/GitHub/RH_2025_V3_October/Q3_paper/sections/IND_AB/MD_2_3_base_interval.tex,"There exist: \begin{itemize}   \item a partition $\mathcal N_{\le N_0}=B_1\sqcup B_2\sqcup\cdots\sqcup B_J$ into consecutive blocks (in any fixed ordering),   \item a number $\varepsilon(K)\in(0,1)$ a",?,0.75,external-check,medium,
CN-2602,/Users/emalam/Documents/GitHub/RH_2025_V3_October/Q3_paper/sections/IND_AB/MD_2_3_base_interval.tex,"\end{equation} After exhausting the early blocks, the one--prime step (Theorem~\ref{rkhs:thm:rkhs-ind}) applies since the remaining new weights satisfy $w_{\mathrm{new}}\le\varepsilon(K)$ and $\rho_K^",?,0.50,self-crossref,low,
CN-2603,/Users/emalam/Documents/GitHub/RH_2025_V3_October/Q3_paper/sections/IND_AB/MD_2_3_base_interval.tex,"\end{equation} Restricting the prime sum to a subset (the cumulative blocks $\bigcup_{i\le j} B_i$) can only decrease the prime operator in the Loewner order, hence preserves the lower bound.",?,0.50,external-check,medium,
CN-2604,/Users/emalam/Documents/GitHub/RH_2025_V3_October/Q3_paper/sections/IND_AB/MD_2_3_base_interval.tex,"Equivalently, on the RKHS side one has \begin{equation}\label{eq:MD_2_3_base_interval-formula-4}  \|T_P[\Phi_j;\, B_1\cup\cdots\cup B_j]\|\ \le\ \|T_P[\Phi_j]\|\ \le\ \tfrac14 c_0(K)\ \le\ \varepsilon",Aronszajn1950,0.50,method-outline,medium,resolved
CN-2605,/Users/emalam/Documents/GitHub/RH_2025_V3_October/Q3_paper/sections/IND_AB/MD_2_3_base_interval.tex,The tail phase follows from Theorem~\ref{rkhs:thm:rkhs-ind} because each subsequent new node has weight at most $\varepsilon(K)$ and the previously accumulated norm is bounded away from 1.,?,0.75,self-crossref,low,
CN-2606,/Users/emalam/Documents/GitHub/RH_2025_V3_October/Q3_paper/sections/IND_AB/MD_2_3_base_interval.tex,"The entry for $K=1$ comes from the first greedy block in \path{cert/bridge/K1_blocks.json} (see also the log \path{cert/bridge/logs/K1_blocks.txt}), leaving a residual budget of $\varepsilon(K)-0.1813",?,0.50,external-check,medium,
CN-2607,/Users/emalam/Documents/GitHub/RH_2025_V3_October/Q3_paper/sections/IND_AB/MD_2_3_base_interval.tex,"% === PATCH MD-1: block induction for early heavy primes === \begin{theorem}[IND$^{\mathrm{block}}$ (block update on activity jumps)]\label{md:thm:IND_block} Let $[-K,K]$ be fixed and suppose on some ",?,0.50,internal-proof,medium,
CN-2608,/Users/emalam/Documents/GitHub/RH_2025_V3_October/Q3_paper/sections/IND_AB/MD_2_3_base_interval.tex,\end{theorem} \begin{proof} Monotonicity in the Loewner order and the rank-one bound give $\|\Delta T_P\|\le \sum_{n\in B} w(n)=W_B$.,GriffinOnoRolenZagier2019,0.50,external-claim,high,resolved
CN-2609,/Users/emalam/Documents/GitHub/RH_2025_V3_October/Q3_paper/sections/IND_AB/MD_2_3_constants.tex,\subsection{RKHS auxiliary bounds for the operator form}  We record three elementary ingredients used by the RKHS contraction in the MD module.,Aronszajn1950,0.75,method-outline,medium,resolved
CN-2610,/Users/emalam/Documents/GitHub/RH_2025_V3_October/Q3_paper/sections/IND_AB/MD_2_3_constants.tex,"\end{equation} (Rational bound: $2/e\approx 0.7358\ldots < 3/4 = 0.75$, ensuring all subsequent constraints with $w_{\max}$ use explicit rational inequalities.) \end{lemma}  \begin{lemma}[Log-node gap",?,0.50,internal-proof,medium,pending
CN-2611,/Users/emalam/Documents/GitHub/RH_2025_V3_October/Q3_paper/sections/IND_AB/MD_2_3_constants_table.tex,\medskip \subsection{RKHS contraction (conservative parameters)} For convenience we also list two conservative parameter choices for the RKHS contraction used in the operator form of MD.,Aronszajn1950,0.50,method-outline,medium,resolved
CN-2612,/Users/emalam/Documents/GitHub/RH_2025_V3_October/Q3_paper/sections/IND_AB/include/ab_infinity_lemma.tex,"\end{equation}  \item[\textbf{(N)} Nyquist \& Norm.] The symbol modulus and the prime cap satisfy \begin{equation}\label{eq:ab_infinity_lemma-omega} C\,\omega_{P_A}\!\Bigl(\tfrac{\pi}{M_i}\Bigr)\ \le\",?,0.50,internal-proof,medium,
CN-2613,/Users/emalam/Documents/GitHub/RH_2025_V3_October/Q3_paper/sections/IND_AB/include/ab_infinity_lemma.tex,"Consequently, $Q\ge0$ on the full Weil class; by Weil's positivity criterion, $\mathrm{RH}$ follows.",Li1997,0.50,external-claim,high,resolved
CN-2614,/Users/emalam/Documents/GitHub/RH_2025_V3_October/Q3_paper/sections/IND_AB/include/ab_infinity_lemma.tex,"\end{theorem}  \begin{proof}[Proof (by plumbing)] By the Toeplitz symbol bridge (A3), for every grid node $\tau\in E_{K_i}$, \begin{equation}\label{eq:ab_infinity_lemma-lambda-min} \lambda_{\min}\!\bi",BoettcherSilbermann2006,0.75,internal-proof,medium,resolved
CN-2615,/Users/emalam/Documents/GitHub/RH_2025_V3_October/Q3_paper/sections/Main_closure.tex,\section{Main closure: from analytic modules to Weil positivity}\label{sec:Main-closure}  \subsection*{Standing hypotheses (analytic chain)} Throughout this section we rely only on the following prove,Li1997,1.00,external-claim,high,resolved
CN-2616,/Users/emalam/Documents/GitHub/RH_2025_V3_October/Q3_paper/sections/Main_closure.tex,"\item \textbf{(A1$'$) Density.} The Fej\'er$\times$heat cone is dense in $W_K$, cf.\ Theorem~\ref{a1:thm:A1-local-density}.",?,1.00,self-crossref,low,
CN-2617,/Users/emalam/Documents/GitHub/RH_2025_V3_October/Q3_paper/sections/Main_closure.tex,"\item \textbf{(A3) Toeplitz bridge.} For $M\ge M_0(K)$ one has   \[     \lambda_{\min}\!\big(T_M[P_A]-\mathcal T_P\big)\ \ge\ c_0(K)-C_T\,\omega_{P_A}\!\Big(\tfrac{\pi}{M}\Big)-\|\mathcal T_P\|,   \] ",BoettcherSilbermann2006,1.00,method-outline,medium,resolved
CN-2618,/Users/emalam/Documents/GitHub/RH_2025_V3_October/Q3_paper/sections/Main_closure.tex,"\item \textbf{(RKHS) Prime contraction.} For $t\ge t^\star_{\mathrm{rkhs}}(K)$ one has   \(     \|\mathcal T_P\|\le \rho\!\big(t^\star_{\mathrm{rkhs}}(K)\big)\le \tfrac14\,c_0(K),   \)   cf.\ Theorem~",Aronszajn1950,1.00,internal-proof,medium,resolved
CN-2619,/Users/emalam/Documents/GitHub/RH_2025_V3_October/Q3_paper/sections/Main_closure.tex,"\item \textbf{(T5) Compact transfer.} With the monotone schedules $t^\star_{\mathrm{T5}}(K)$, $M^\star(K)$ from \eqref{eq:T5-tstar}--\eqref{eq:T5-Mstar}, one has   \(     \lambda_{\min}\!\big(T_{M^\st",GriffinOnoRolenZagier2019,0.75,external-claim,high,resolved
CN-2620,/Users/emalam/Documents/GitHub/RH_2025_V3_October/Q3_paper/sections/Main_closure.tex,"\end{itemize}  \begin{theorem}[Main positivity]\label{thm:Main-positivity} If \textup{(T0)}+\textup{(A1$'$)}+\textup{(A2)}+\textup{(A3)}+\textup{(RKHS)}+\textup{(T5)} hold, then \[   Q(\Phi)\ \ge\ 0\q",Aronszajn1950,1.00,internal-proof,medium,resolved
CN-2621,/Users/emalam/Documents/GitHub/RH_2025_V3_October/Q3_paper/sections/Main_closure.tex,"By \textup{(T5)} with the monotone schedules $t^\star_{\mathrm{T5}}(K)$, $M^\star(K)$, Lemma~\ref{lem:T5p-grid} together with Theorem~\ref{thm:A3} yield \[   \lambda_{\min}\!\big(T_{M^\star(K)}[P_A]-\",?,0.50,self-crossref,low,
CN-2622,/Users/emalam/Documents/GitHub/RH_2025_V3_October/Q3_paper/sections/Main_closure.tex,"\end{proof}  \begin{remark}[No numerics, no ATP] The proof of Theorem~\ref{thm:Main-positivity} uses only analytic bounds established in Sections~\ref{sec:T0}--\ref{sec:T5}; legacy numerical certifica",?,1.00,self-crossref,low,
CN-2623,/Users/emalam/Documents/GitHub/RH_2025_V3_October/Q3_paper/sections/RKHS/core.tex,"\section{RKHS Core}\label{sec:rkhs-core}  Let $(\mathcal X,\mu)$ be a measure space and let $k\colon \mathcal X\times\mathcal X\to \RR$ be a positive definite kernel with reproducing kernel Hilbert sp",Aronszajn1950,1.00,method-outline,medium,resolved
CN-2624,/Users/emalam/Documents/GitHub/RH_2025_V3_October/Q3_paper/sections/RKHS/core.tex,"\begin{lemma}[Energy identity]\label{lem:rkhs-energy} For $f\in\mathcal H_k$ supported on the closure of $\mathrm{span}\{k(\cdot,x)\colon x\in\mathcal X\}$ one has \[   \|f\|_{\mathcal H_k}^2\ =\ \lan",Aronszajn1950,0.50,internal-proof,medium,resolved
CN-2625,/Users/emalam/Documents/GitHub/RH_2025_V3_October/Q3_paper/sections/RKHS/core.tex,"\] \end{lemma}  \begin{proof} Gershgorin's circle theorem states that every eigenvalue $\lambda$ of $K$ belongs to at least one disc \[   D_i \ =\ \Bigl\{ z\in\CC : \bigl|z-k(x_i,x_i)\bigr| \le \sum_{",?,0.50,internal-proof,medium,
CN-2626,/Users/emalam/Documents/GitHub/RH_2025_V3_October/Q3_paper/sections/RKHS/core.tex,"\end{proof}  \begin{proposition}[Operator sandwich]\label{prop:operator-sandwich} Let $T_k$ be positive on $\mathcal H_k$ with spectral bottom at least $\czero$, and suppose a discretisation or trunca",?,0.75,internal-proof,medium,
CN-2627,/Users/emalam/Documents/GitHub/RH_2025_V3_October/Q3_paper/sections/RKHS/core.tex,\end{proposition} \phantomsection\label{a3:lem:weyl_rayleigh_diff}  \begin{proof} Lemma~\ref{lem:gram-min-eig-lb} yields the spectral bound.,?,0.50,self-crossref,low,
CN-2628,/Users/emalam/Documents/GitHub/RH_2025_V3_October/Q3_paper/sections/RKHS/core.tex,"\end{proof}  These statements provide the structural ingredients cited in Assumption~(A3.1) and in the proof of Theorem~\ref{thm:A3}: the diagonal floor produces $\czero$, the RKHS contraction supplie",?,1.00,self-crossref,low,
CN-2629,/Users/emalam/Documents/GitHub/RH_2025_V3_October/Q3_paper/sections/RKHS/core.tex,\begin{lemma}[Rayleigh sampling identification]\label{lem:rkhs-rayleigh-sampling-id} For any Fej\'er$\times$heat window $\Phi$ with Dirichlet sampling polynomial $p(\theta)=\sum_{k\in\ZZ}\widehat\Phi(,Aronszajn1950;MontgomeryVaughan2007,0.75,internal-proof,medium,resolved
CN-2630,/Users/emalam/Documents/GitHub/RH_2025_V3_October/Q3_paper/sections/RKHS/core.tex,In particular the operator inequality for $T_M[P_A]-T_P$ transfers directly to the Weil functional $Q$.,Weil1952,0.50,external-claim,high,resolved
CN-2631,/Users/emalam/Documents/GitHub/RH_2025_V3_October/Q3_paper/sections/RKHS/core.tex,"\end{lemma}  \begin{remark}[Finite support and the threshold $M$] A Fej\'er window of bandwidth $B$ has Fourier support contained in $\{|k|\le B\}$, and the subsequent heat factor $e^{-t k^2}$ only re",SteinShakarchi2003,0.50,internal-proof,medium,resolved
CN-2632,/Users/emalam/Documents/GitHub/RH_2025_V3_October/Q3_paper/sections/RKHS/core.tex,"Thus the Dirichlet polynomial $p$ is already finite, and it suffices to choose $M\ge B$ to meet the span condition used in Lemma~\ref{lem:rkhs-rayleigh-sampling-id}.",?,0.75,self-crossref,low,
CN-2633,/Users/emalam/Documents/GitHub/RH_2025_V3_October/Q3_paper/sections/RKHS/main.tex,"% RKHS contraction mechanism (de Branges style) \subsection{RKHS Contraction Mechanism} \SeeAlso{Weight cap Lemma (w\_max $\le 2/e$)~\ref{rkhs:lem:wmax_cap}, Node-gap lower bound Lemma~\ref{rkhs:lem:n",?,1.00,self-crossref,low,
CN-2634,/Users/emalam/Documents/GitHub/RH_2025_V3_October/Q3_paper/sections/RKHS/main.tex,"Define the Hilbert space $\mathcal H_K$ as the RKHS with kernel $K_A^{(t)}$ or a two--scale convex mixture in $t\in\{t_{\min},t_{\max}\}$.",Aronszajn1950,1.00,method-outline,medium,resolved
CN-2635,/Users/emalam/Documents/GitHub/RH_2025_V3_October/Q3_paper/sections/RKHS/main.tex,"\end{equation} (This is the \emph{undoubled} operator weight; in $Q$ the evenization yields doubled weights $2\Lambda(n)/\sqrt n$ at positive nodes, equivalent to $\Lambda(n)/\sqrt n$ at $\pm$ nodes f",?,0.75,external-check,medium,
CN-2636,/Users/emalam/Documents/GitHub/RH_2025_V3_October/Q3_paper/sections/RKHS/main.tex,"Writing $\delta_K$ for the minimal node spacing on $[-K,K]$ and setting \begin{equation}\label{eq:RKHS_contraction-formula-7} S_K(t)\ :=\ \sum_{m\ne n} e^{-\frac{(\alpha_m-\alpha_n)^2}{4t}}\ \le\ \fra",Aronszajn1950,0.50,method-outline,medium,resolved
CN-2637,/Users/emalam/Documents/GitHub/RH_2025_V3_October/Q3_paper/sections/RKHS/main.tex,\end{equation}  \begin{lemma}[Geometric tail bound for SK(t)]\label{rkhs:lem:geom-SK} For any node set with minimal spacing $\delta_K>0$ one has \begin{equation}\label{eq:RKHS_contraction-formula-4}  ,Aronszajn1950,0.75,internal-proof,medium,resolved
CN-2638,/Users/emalam/Documents/GitHub/RH_2025_V3_October/Q3_paper/sections/RKHS/main.tex,\end{equation} \end{lemma} \phantomsection\label{a3:lem:prime-L2-trace} \begin{proof} Fix $n$ and order the remaining nodes by increasing distance.,?,0.50,internal-proof,medium,
CN-2639,/Users/emalam/Documents/GitHub/RH_2025_V3_October/Q3_paper/sections/RKHS/main.tex,\end{proof}  \begin{theorem}[Strict contraction]\label{rkhs:thm:rkhs-contraction} If $t=t_{\min}(K)$ is chosen so that $S_K(t_{\min})\le \dfrac{1-w_{\max}-\varepsilon_K}{\sqrt{w_{\max}}}$ for some $\v,Aronszajn1950,0.50,internal-proof,medium,resolved
CN-2640,/Users/emalam/Documents/GitHub/RH_2025_V3_October/Q3_paper/sections/RKHS/main.tex,"\end{equation} Moreover, it suffices to enforce the geometric bound of Lemma~\ref{rkhs:lem:geom-SK}.",?,0.75,self-crossref,low,
CN-2641,/Users/emalam/Documents/GitHub/RH_2025_V3_October/Q3_paper/sections/RKHS/main.tex,"\end{equation} \end{theorem}  \begin{remark} Because $\delta_K\downarrow0$ as the compact widens, the closed form \eqref{eq:RKHS_contraction-formula-6} shows that $t_{\min}(K)$ is automatically chosen",Aronszajn1950,0.50,internal-proof,medium,resolved
CN-2642,/Users/emalam/Documents/GitHub/RH_2025_V3_October/Q3_paper/sections/RKHS/main.tex,\end{remark}  \begin{proposition}[Dataset-free RKHS schedule]\label{prop:rkhs-schedule} Let $w_{\max}=\sup \Lambda(n)/\sqrt{n}\le 2/e$ and let $\delta_K$ denote the minimal logarithmic spacing on $[-K,Aronszajn1950,0.50,method-outline,medium,resolved
CN-2643,/Users/emalam/Documents/GitHub/RH_2025_V3_October/Q3_paper/sections/RKHS/main.tex,"In parallel, Theorem~\ref{thm:rkhs-tstar} supplies the analytic cap $\|T_P\|\le c_0(K)/4$ once $t_{\mathrm{rkhs}}\ge t_{\min}(K)$ (route~(A)) or $t_{\mathrm{rkhs}}\ge t^\star(K)$ (route~(B)).",?,0.50,self-crossref,low,
CN-2644,/Users/emalam/Documents/GitHub/RH_2025_V3_October/Q3_paper/sections/RKHS/main.tex,"\end{proposition}  \begin{lemma}[Trace-cap bound]\label{lem:trace-cap-bound} For every compact $[-K,K]$ choose $t_{\mathrm{rkhs}}\ge\max\{t_{\min}(K),\,t^\star(K)\}$, where $t_{\min}$ is given by \eqr",Aronszajn1950,1.00,internal-proof,medium,resolved
CN-2645,/Users/emalam/Documents/GitHub/RH_2025_V3_October/Q3_paper/sections/RKHS/main.tex,"Consequently, for every Fej\'er$\times$heat parameter set $(B,t_{\mathrm{rkhs}})$ with $t_{\mathrm{rkhs}}\ge \max\{t_{\min}(K),t^\star(K)\}$ the contraction bound $\|T_P\|\le c_0(K)/4$ holds without r",Aronszajn1950,0.50,method-outline,medium,resolved
CN-2646,/Users/emalam/Documents/GitHub/RH_2025_V3_October/Q3_paper/sections/RKHS/main.tex,\end{lemma}  \begin{proof} The Gershgorin estimate $\|T_P\|\le\rho_K$ is Proposition~\ref{prop:rkhs-schedule}.,Aronszajn1950,0.50,internal-proof,medium,resolved
CN-2647,/Users/emalam/Documents/GitHub/RH_2025_V3_October/Q3_paper/sections/RKHS/main.tex,Theorem~\ref{thm:rkhs-tstar} bounds $\|T_P\|\le c_0(K)/4$ once $t_{\mathrm{rkhs}}$ dominates either threshold.,?,0.75,self-crossref,low,
CN-2648,/Users/emalam/Documents/GitHub/RH_2025_V3_October/Q3_paper/sections/RKHS/main.tex,\end{proof}  % Mini-lemmas: weight cap and node gap with explicit labels \begin{lemma}[Effective weight cap]\label{rkhs:lem:wmax_cap} For $w(p^m)=\dfrac{\log p}{p^{m/2}}$ one has $0\le w(p^m)\le \dfra,Aronszajn1950,0.50,internal-proof,medium,resolved
CN-2649,/Users/emalam/Documents/GitHub/RH_2025_V3_October/Q3_paper/sections/RKHS/main.tex,(Rational bound: $2/e\approx 0.7358 < 3/4 = 0.75$.) \end{lemma}  \begin{proof} Consider $f(x)=\log x/\sqrt{x}$ on $x>1$; $f'(x)=(1-\tfrac12\log x)/x^{3/2}$ vanishes at $x=e^2$ with $f(e^2)=2/e$.,?,0.50,internal-proof,medium,
CN-2650,/Users/emalam/Documents/GitHub/RH_2025_V3_October/Q3_paper/sections/RKHS/main.tex,\end{proof}  \begin{lemma}[Rayleigh lower bound for ||TP||]\label{rkhs:lem:rayleigh_lower} For the prime operator $T_P=\sum_{\alpha_n}w(n)|k_{\alpha_n}\rangle\!\langle k_{\alpha_n}|$ with normalized k,Aronszajn1950,1.00,internal-proof,medium,resolved
CN-2651,/Users/emalam/Documents/GitHub/RH_2025_V3_October/Q3_paper/sections/RKHS/main.tex,"\end{proof}  \begin{lemma}[Node gap on compacts]\label{rkhs:lem:node_gap_lower_bound} For $\alpha_n=\tfrac{\log n}{2\pi}$ and fixed $K>0$ the active set is $\{2,\dots,\lfloor e^{2\pi K}\rfloor\}$ and ",Aronszajn1950,0.75,internal-proof,medium,resolved
CN-2652,/Users/emalam/Documents/GitHub/RH_2025_V3_October/Q3_paper/sections/RKHS/main.tex,\end{equation} \end{lemma}  \begin{proof} Mean value theorem on $\log x$ between consecutive integers.,?,0.50,internal-proof,medium,
CN-2653,/Users/emalam/Documents/GitHub/RH_2025_V3_October/Q3_paper/sections/RKHS/main.tex,"\end{proof}  %% BEGIN PATCH: RKHS_contraction.tex (two-scale decoupling) \begin{corollary}[Two-scale decoupling]\label{rkhs:cor:rkhs_two_scale} On a fixed compact $K$, choose $t_{\mathrm{rkhs}}=t_{\mi",Aronszajn1950,0.50,internal-doc,low,resolved
CN-2654,/Users/emalam/Documents/GitHub/RH_2025_V3_October/Q3_paper/sections/RKHS/main.tex,"\end{corollary} %% END PATCH  \begin{theorem}[One--prime induction]\label{rkhs:thm:rkhs-ind} Upon crossing an activity threshold that introduces a single new node with weight $w_{\mathrm{new}}$, the u",Aronszajn1950,0.50,internal-proof,medium,resolved
CN-2655,/Users/emalam/Documents/GitHub/RH_2025_V3_October/Q3_paper/sections/RKHS/main.tex,"\end{theorem}  \begin{remark}[Boxed formulas and effective weight cap] \begin{equation}\label{eq:RKHS_contraction-formula-5}  \boxed{\ S_K(t)\ =\ \frac{2\,e^{-\delta_K^2/(4t)}}{1-e^{-\delta_K^2/(4t)}}",Aronszajn1950,0.50,internal-proof,medium,resolved
CN-2656,/Users/emalam/Documents/GitHub/RH_2025_V3_October/Q3_paper/sections/RKHS/main.tex,"\end{equation} In the even windowed setting the effective prime weights satisfy $0\le w(n)\le 2/e$ (see Lemma~\ref{md:lem:weight-cap} in the MD appendix), hence $w_{\max}\le 2/e<1$, ensuring feasibili",?,0.50,self-crossref,low,
CN-2657,/Users/emalam/Documents/GitHub/RH_2025_V3_October/Q3_paper/sections/RKHS/main.tex,"\end{remark}  \begin{lemma}[Node separation]\label{rkhs:lem:deltaK} For $\alpha_n=\log n/(2\pi)$ and fixed $K>0$ one has a finite active set $\{n: \alpha_n\in[-K,K]\}=\{2,\dots,\lfloor e^{2\pi K}\rflo",Aronszajn1950,0.50,internal-proof,medium,resolved
CN-2658,/Users/emalam/Documents/GitHub/RH_2025_V3_October/Q3_paper/sections/RKHS/prime_cap.tex,"\] We work in the RKHS $H_k$ of the heat kernel on $\RR$, \[ k_t(x,y)\ :=\ \exp\!\big(-\tfrac{(x-y)^2}{4t}\big),\qquad t>0, \] and write $K_t=(k_t(\xi_m,\xi_n))_{m,n\ge2}$ for the Gram matrix on the s",Aronszajn1950;HornJohnson2013;SteinShakarchi2003,0.75,method-outline,medium,resolved
CN-2659,/Users/emalam/Documents/GitHub/RH_2025_V3_October/Q3_paper/sections/RKHS/prime_cap.tex,"\] \end{remark}  \subsection*{Energy and Gram}  \begin{lemma}[Energy identity]\label{lem:rkhs-energy-primecap} For any finite sample $x_1,\dots,x_M$ and coefficients $a\in\RR^M$ one has \[ \Big\|\sum_",Aronszajn1950,0.50,internal-proof,medium,resolved
CN-2660,/Users/emalam/Documents/GitHub/RH_2025_V3_October/Q3_paper/sections/RKHS/prime_cap.tex,"\] \end{lemma}  \begin{lemma}[Off-diagonal sum bound]\label{lem:rkhs-gram-off} For every $t>0$ and $K\ge1$, \[ S_K(t)\ \le\ \frac{2e^{-\delta_K^2/(4t)}}{1-e^{-\delta_K^2/(4t)}} \qquad\text{and in part",Aronszajn1950,0.75,internal-proof,medium,resolved
CN-2661,/Users/emalam/Documents/GitHub/RH_2025_V3_October/Q3_paper/sections/RKHS/prime_cap.tex,"By Lemma~\ref{lem:rkhs-energy} and Cauchy--Schwarz, \[ |(T_P f)(x)|\ \le\ \sum w(n)\,|f(\xi_n)|\,\|g_{\xi_n}\|\,\|g_x\| \ \le\ \|f\|\,\|g_x\|\!\left(\sum w(n)\,\|g_{\xi_n}\|^2\right)^{\!1/2}\!\!\!\lef",?,0.50,self-crossref,low,
CN-2662,/Users/emalam/Documents/GitHub/RH_2025_V3_October/Q3_paper/sections/RKHS/prime_cap.tex,Optimizing the trivial weights split ($w\le w_{\max}$ on the diagonal and $\sqrt{w_{\max}}$ off-diagonal) gives the stated bound; see also standard Schur/Gram tests.,?,0.75,external-check,medium,pending
CN-2663,/Users/emalam/Documents/GitHub/RH_2025_V3_October/Q3_paper/sections/RKHS/prime_cap.tex,"\end{proof}  \begin{remark}[Uniform fallback cap]\label{rem:trace-cap} Independently of $K$, one may adopt a fixed heat scale $t_{\mathrm{pr}}$ with a universal \( \rho_{\mathrm{cap}}^{\mathrm{unif}}=",?,0.50,internal-proof,medium,
CN-2664,/Users/emalam/Documents/GitHub/RH_2025_V3_October/Q3_paper/sections/RKHS/prime_cap.tex,"\end{remark}  \subsection*{Early/tail calculus (tables-free)}  \begin{lemma}[Early block]\label{lem:rkhs-early} For every $N\ge2$, \[ \sum_{n\le N}\frac{\Lambda(n)}{\sqrt{n}} \ \le\ \sum_{n\le N}\frac",Aronszajn1950,0.50,internal-proof,medium,resolved
CN-2665,/Users/emalam/Documents/GitHub/RH_2025_V3_October/Q3_paper/sections/RKHS/prime_cap.tex,"\] \end{proof}  \begin{lemma}[Log--Gaussian tail]\label{lem:rkhs-tail} For every $t>0$ and $N\ge2$, \[ \sum_{n>N}\frac{\Lambda(n)}{\sqrt{n}}\,e^{-4\pi^2 t\,(\log n)^2} \ \ll\ \int_{\log N}^{\infty} y\",Aronszajn1950,0.50,internal-proof,medium,resolved
CN-2666,/Users/emalam/Documents/GitHub/RH_2025_V3_October/Q3_paper/sections/RKHS/prime_cap.tex,\] \end{proposition}  \subsection*{Thresholds \(t^\star(K)\) and clean interface to A3/T5}  \begin{theorem}[Constructive cap on each compact]\label{thm:rkhs-tstar} Let $c_0(K)>0$ be the Archimedean ba,Aronszajn1950,0.50,internal-proof,medium,resolved
CN-2667,/Users/emalam/Documents/GitHub/RH_2025_V3_October/Q3_paper/sections/RKHS/prime_norm_leq_rho.tex,% Discrete-to-integral bound for the prime block norm \subsection{Prime sampling norm bounded by $\rho(t)$}  Throughout this subsection we write $\rho(t)$ for the Gaussian cap in Lemma~\ref{pm:lem:rho,?,0.50,self-crossref,low,
CN-2668,/Users/emalam/Documents/GitHub/RH_2025_V3_October/Q3_paper/sections/RKHS/prime_norm_leq_rho.tex,"Consequently, \begin{equation}\label{eq:Prime_norm_leq_rho-formula-1}   \|T_P\| = \|T_P^{\mathrm{sym}}\| \le \operatorname{Tr}\,T_P^{\mathrm{sym}}   = 2\sum_{n\ge 2}\frac{\Lambda(n)}{\sqrt n}\,e^{-t'(",?,0.50,external-check,medium,
CN-2669,/Users/emalam/Documents/GitHub/RH_2025_V3_October/Q3_paper/sections/RKHS/prime_norm_leq_rho.tex,"\end{proposition}  \begin{lemma}[Trace cap with explicit remainder via $\operatorname{erfc}$]\label{pm:lem:trace-cap-erfc} Let $t>0$, set $a:=4\pi^2 t$ and $b:=\tfrac12$, and introduce $\widetilde{\mu",?,0.75,internal-proof,medium,pending
CN-2670,/Users/emalam/Documents/GitHub/RH_2025_V3_October/Q3_paper/sections/RKHS/prime_norm_leq_rho.tex,"Dropping the finite block enlarges the bound to $J_a(0)$, and positivity plus finite rank of $T_P^{\mathrm{sym}}$ supply the two displayed inequalities for $\|T_P\|$.",Li1997,0.50,external-check,medium,resolved
CN-2671,/Users/emalam/Documents/GitHub/RH_2025_V3_October/Q3_paper/sections/RKHS/prime_norm_leq_rho.tex,\item Lemma~\ref{pm:lem:trace-cap-erfc} supplies the explicit finite-block plus tail bound   \(     \|T_P\| \le 2\sum_{2\le n\le e^{2}} \frac{\log n}{\sqrt n} e^{-4\pi^2 t(\log n)^2} + 2 J_{4\pi^2 t}(,?,0.75,self-crossref,low,
CN-2672,/Users/emalam/Documents/GitHub/RH_2025_V3_October/Q3_paper/sections/RKHS/prime_trace_closed_form.tex,\begin{lemma}[Closed-form upper bound for the prime trace]\label{pm:lem:rho-closed-form} For $t>0$ one has \begin{equation}\label{eq:Prime_trace_closed_form-formula-1}   \rho(t)\ \le\ 2\int_0^{\infty},?,0.75,internal-proof,medium,
CN-2673,/Users/emalam/Documents/GitHub/RH_2025_V3_October/Q3_paper/sections/RKHS/prime_trace_closed_form.tex,\end{lemma} \begin{proof}[Sketch] The display \eqref{eq:Prime_trace_closed_form-formula-1} is Lemma~\ref{pm:lem:sum-to-rho}.,?,0.50,self-crossref,low,
CN-2674,/Users/emalam/Documents/GitHub/RH_2025_V3_October/Q3_paper/sections/RKHS/prime_trace_closed_form.tex,\) Using $1+\operatorname{erf}(x)\le2$ gives the upper bound \eqref{eq:rho-closed-form}.,?,0.50,external-check,medium,
CN-2675,/Users/emalam/Documents/GitHub/RH_2025_V3_October/Q3_paper/sections/RKHS/prime_trace_closed_form.tex,\end{proof}  \begin{lemma}[Shift-robust trace cap --- enhanced]\label{lem:shift-trace-cap} Fix $K>0$.,?,0.50,internal-proof,medium,
CN-2676,/Users/emalam/Documents/GitHub/RH_2025_V3_October/Q3_paper/sections/RKHS/prime_trace_closed_form.tex,"For any $B>0$, $t>0$, and $|\tau|\le K$, the symmetrized prime sampling operator satisfies \begin{equation}\label{eq:Prime_trace_closed_form-formula} \|T_P[\Phi_{B,t,\tau}]\|_{L^2\to L^2}\ \le\ \mathr",?,0.50,external-check,medium,pending
CN-2677,/Users/emalam/Documents/GitHub/RH_2025_V3_October/Q3_paper/sections/RKHS/prime_trace_closed_form.tex,Bound the sum by an integral of the positive integrand and apply the change $x=e^{y+c}$ with $c=2\pi\tau$: \begin{equation}\label{eq:Prime_trace_closed_form-formula-2} \int_1^\infty \frac{\log x}{\sqr,?,0.50,external-check,medium,
CN-2678,/Users/emalam/Documents/GitHub/RH_2025_V3_October/Q3_paper/sections/RKHS/weil_isometry.tex,"\begin{lemma}[RKHS–Weil Isometry]\label{lem:rkhs-weil-isometry} Let $(\mathcal X,\mu)$ be a measure space and $k:\mathcal X\times\mathcal X\to\mathbb R$ a positive-definite kernel.",Aronszajn1950,1.00,external-claim,high,resolved
CN-2679,/Users/emalam/Documents/GitHub/RH_2025_V3_October/Q3_paper/sections/RKHS/weil_isometry.tex,"Denote by $(\mathcal H_k,\langle\cdot,\cdot\rangle_{\mathcal H_k})$ its RKHS and by $\Phi$ the map that sends each kernel section $k_x:=k(\cdot,x)$ to $\varphi_x\in\mathcal W$ via a fixed Weil represe",Aronszajn1950,0.75,external-claim,high,resolved
CN-2680,/Users/emalam/Documents/GitHub/RH_2025_V3_October/Q3_paper/sections/T0.tex,"% Lemma T0 -- Guinand--Weil Normalization Crosswalk for Q  % Macros for unified normalization \newcommand{\aarch}{a} % Archimedean density a(\xi) \newcommand{\wQ}[1]{\tfrac{2\,\Lambda(#1)}{\sqrt{#1}}}",Guinand1955;Weil1952,1.00,external-claim,high,resolved
CN-2681,/Users/emalam/Documents/GitHub/RH_2025_V3_October/Q3_paper/sections/T0.tex,"\begin{proposition}[T0' --- Guinand--Weil matching]\label{prop:T0-GW} Under Convention~\ref{conv:fourier}, the repository normalization $Q(\varphi)$ matches the standard Guinand--Weil functional $Q_{\",Guinand1955;Weil1952,0.75,external-claim,high,resolved
CN-2682,/Users/emalam/Documents/GitHub/RH_2025_V3_October/Q3_paper/sections/T0.tex,\end{equation} \end{proposition} \begin{proof} Make the substitution $\eta=2\pi\xi$ in all frequency integrals (see \cite[Ch.~2]{SteinShakarchi2003}); by evenness the sine parts vanish and the cosine ,?,0.50,internal-proof,medium,
CN-2683,/Users/emalam/Documents/GitHub/RH_2025_V3_October/Q3_paper/sections/T0.tex,\end{proof}  \begin{lemma}[T0: Q normalization crosswalk]\label{t0:lem:T0} Let $\varphi_{\mathrm{GW}}\in C_c(\mathbb R)$ be even and nonnegative on the Guinand--Weil frequency axis $\eta\in\mathbb R$.,Guinand1955;Weil1952,0.50,external-claim,high,resolved
CN-2684,/Users/emalam/Documents/GitHub/RH_2025_V3_October/Q3_paper/sections/T0.tex,\end{equation} In operator or RKHS estimates we use the undoubled weights \(\wRKHS{n}\); the evenization doubling appears only in the $Q$ functional.\par \end{lemma} \begin{proof} Change variables $\e,Aronszajn1950,1.00,internal-proof,medium,resolved
CN-2685,/Users/emalam/Documents/GitHub/RH_2025_V3_October/Q3_paper/sections/T0.tex,"(ii) If one prefers to keep $a(\xi)$ without the Jacobian factor $2\pi$, then the same equality holds with $Q(\varphi)$ written as $\int (2\pi a)\,\varphi\,d\xi-\sum 2\Lambda(n)/\sqrt n\,\varphi(\xi_n",?,0.50,external-check,medium,pending
CN-2686,/Users/emalam/Documents/GitHub/RH_2025_V3_October/Q3_paper/sections/T0.tex,"\end{remark}  \smallskip \noindent\textit{Transition.} With the normalization T0 established, we now verify local density of the Fej\'er$\times$heat cone on each compact in Section~\ref{a1:thm:A1-loca",?,0.50,self-crossref,low,
CN-2687,/Users/emalam/Documents/GitHub/RH_2025_V3_October/Q3_paper/sections/T5/compact_transfer.tex,"\item[\textbf{(RKHS)}] Prime contraction (Theorem~\ref{thm:rkhs-tstar}): for all $t\ge t^\star(K)$,   \[     \|{\mathcal T}_P\|\ \le\ \rho\!\big(t\big)\ \le\ \rho\!\big(t^\star(K)\big).",?,0.50,self-crossref,low,
CN-2688,/Users/emalam/Documents/GitHub/RH_2025_V3_October/Q3_paper/sections/T5/compact_transfer.tex,\] \emph{Proof.} Combine the Archimedean lower bound with the Toeplitz continuity estimate and norm subadditivity.,BoettcherSilbermann2006,0.50,internal-proof,medium,resolved
CN-2689,/Users/emalam/Documents/GitHub/RH_2025_V3_October/Q3_paper/sections/T5/compact_transfer.tex,"\qed \end{lemma}  \begin{theorem}[T5: monotone compact transfer]\label{thm:T5-compact} For every $K>0$ one has \[   \lambda_{\min}\!\big(T_{M^\star(K)}[P_A]-{\mathcal T}_P\big)\ \ge\ \tfrac12\,c_0^\as",GriffinOnoRolenZagier2019,0.50,external-claim,high,resolved
CN-2690,/Users/emalam/Documents/GitHub/RH_2025_V3_October/Q3_paper/sections/T5/compact_transfer.tex,\] Positivity of the finite Toeplitz form on the Fej\'er$\times$heat cone follows.,BoettcherSilbermann2006,0.50,method-outline,medium,resolved
CN-2691,/Users/emalam/Documents/GitHub/RH_2025_V3_October/Q3_paper/sections/T5/compact_transfer.tex,\qed \end{theorem}  \begin{remark}[Optional early-tail variant]\label{rem:T5-early-tail} The RKHS cap already controls $\|{\mathcal T}_P\|$.,Aronszajn1950,0.50,internal-proof,medium,resolved
CN-2692,/Users/emalam/Documents/GitHub/RH_2025_V3_October/Q3_paper/sections/T5/compact_transfer.tex,"If one prefers a split $(\mathrm{early})+(\mathrm{tail})$, bound the early block $\sum_{n\le N}w(n)$ by $2\sqrt{N}\log N$ and the tail by Lemma~\ref{lem:rkhs-tail}; then choose a monotone $N(K)$ and $",?,0.75,self-crossref,low,
CN-2693,/Users/emalam/Documents/GitHub/RH_2025_V3_October/Q3_paper/sections/T5/lemmas.tex,"% T5 lemmas: inductive limit and transfer of positivity \section{T5: Inductive Limit over Compacts} Let $\mathcal W_K=C^+_{\mathrm{even}}([-K,K])$ with the uniform norm and let $\mathcal W=\bigcup_{K>",Li1997,0.50,internal-proof,medium,resolved
CN-2694,/Users/emalam/Documents/GitHub/RH_2025_V3_October/Q3_paper/sections/T5/lemmas.tex,"\begin{lemma}[Nested dictionaries yield $\mathcal W$]\label{t5:lem:T5-dicts} For each $K>0$ let $\mathcal G_K\subset\mathcal C_K$ be a finite dictionary as in Theorem~\ref{a1:thm:A1-local-density}, co",?,0.75,self-crossref,low,
CN-2695,/Users/emalam/Documents/GitHub/RH_2025_V3_October/Q3_paper/sections/T5/lemmas.tex,"\end{equation} \end{lemma} \begin{proof} By Theorem~A1$'$ each $\overline{\mathrm{cone}(\mathcal G_{K_i})}$ is dense in $\mathcal W_{K_i}$, and nestedness yields the union identity.",Li1997,0.50,internal-proof,medium,resolved
CN-2696,/Users/emalam/Documents/GitHub/RH_2025_V3_October/Q3_paper/sections/T5/lemmas.tex,"\end{proof}  \begin{theorem}[Transfer of positivity to the Weil class]\label{t5:thm:T5-transfer}\label{lem:T5-transfer} Assume $Q\ge0$ on $\mathcal W_{K_i}$ for every $i$, where $Q$ is continuous on e",Li1997,1.00,external-claim,high,resolved
CN-2697,/Users/emalam/Documents/GitHub/RH_2025_V3_October/Q3_paper/sections/T5/lemmas.tex,"With the normalization of Lemma~\ref{t0:lem:T0} and the bridge of Theorem~\ref{thm:A3}, this means the Weil positivity holds on $C_c^{\mathrm{even}}(\RR)$.",?,1.00,self-crossref,low,
CN-2698,/Users/emalam/Documents/GitHub/RH_2025_V3_October/Q3_paper/sections/T5/lemmas.tex,\end{proof} \begin{lemma}[Monotone inheritance across $K$]\label{t5:lem:T5-inheritance} Fix an increasing chain $K_0<K_1<\cdots$ and choose the monotone schedules $t_{\mathrm{rkhs}}(K_i):=t^{\star}_{\,Aronszajn1950;GriffinOnoRolenZagier2019,0.50,external-claim,high,resolved
CN-2699,/Users/emalam/Documents/GitHub/RH_2025_V3_October/Q3_paper/sections/T5/lemmas.tex,\end{lemma} \begin{proof} Lemma~\ref{lem:T5p-grid} with $M_i=M^{\star}(K_i)$ and $t=t^{\star}_{\mathrm{T5}}(K_i)$ gives the lower bound.,?,0.50,self-crossref,low,
CN-2700,/Users/emalam/Documents/GitHub/RH_2025_V3_October/Q3_paper/sections/T5/summary.tex,% T5 summary (compact-by-compact and limit) \section{T5: Compact-by-Compact Positivity and Limit to the Weil Class} \begin{definition}[Weil inductive-limit topology]\label{t5:def:Weil_LF} Let $W_K:=C^,Li1997,0.50,external-claim,high,resolved
CN-2701,/Users/emalam/Documents/GitHub/RH_2025_V3_October/Q3_paper/sections/T5/summary.tex,\end{definition}  \begin{lemma}[Local continuity suffices for T5]\label{t5:lem:local-Lip} If for every $K$ the restriction $Q|_{W_K}$ is Lipschitz in $\|\cdot\|_\infty$ with some (possibly $K$-depende,?,0.50,internal-proof,medium,pending
CN-2702,/Users/emalam/Documents/GitHub/RH_2025_V3_October/Q3_paper/sections/T5/summary.tex,"\end{lemma}  \begin{proposition}[LF--transfer of positivity]\label{t5:prop:T5_transfer_formal_aux} Let $\{W_K\}_{K\in\mathbb N}$ be an increasing family of cones of even, nonnegative $C_c$ tests suppo",?,0.50,internal-proof,medium,
CN-2703,/Users/emalam/Documents/GitHub/RH_2025_V3_October/Q3_paper/sections/T5/summary.tex,"Analytically, the Arch margin $c_0(K)$ comes from Theorem~\ref{thm:A3}, the prime contraction from Theorem~\ref{thm:rkhs-tstar}, and the Lipschitz constant $L_Q(K)$ from A2.",?,0.50,self-crossref,low,
CN-2704,/Users/emalam/Documents/GitHub/RH_2025_V3_October/Q3_paper/sections/T5/summary.tex,"Combining these inputs yields Theorem~\ref{thm:T5-compact}, so $Q\ge0$ on each $W_K$ without invoking any legacy budget tables; density (A1$'$) and continuity (A2) extend this to the full Weil class.",?,0.75,self-crossref,low,
CN-2705,/Users/emalam/Documents/GitHub/RH_2025_V3_October/Q3_paper/sections/Weil_linkage.tex,"\section{Weil linkage: positivity implies the Riemann Hypothesis}\label{sec:Weil-linkage}  \begin{theorem}[Weil's positivity criterion, normalized]\label{thm:Weil-criterion} Let $Q$ be the Weil functi",Li1997,1.00,external-claim,high,resolved
CN-2706,/Users/emalam/Documents/GitHub/RH_2025_V3_October/Q3_paper/sections/Weil_linkage.tex,"\end{enumerate} \end{theorem}  \begin{theorem}[Riemann Hypothesis]\label{thm:RH} If \textup{(T0)}+\textup{(A1$'$)}+\textup{(A2)}+\textup{(A3)}+\textup{(RKHS)}+\textup{(T5)} hold, then the Riemann Hypo",Aronszajn1950,0.50,internal-proof,medium,resolved
CN-2707,/Users/emalam/Documents/GitHub/RH_2025_V3_October/Q3_paper/sections/Weil_linkage.tex,\end{theorem}  \begin{proof} By Theorem~\ref{thm:Main-positivity} we have $Q\ge0$ on the full Weil class in the normalization of Section~\ref{sec:T0}.,?,0.75,self-crossref,low,
CN-2708,/Users/emalam/Documents/GitHub/RH_2025_V3_October/Q3_paper/sections/Weil_linkage.tex,Applying Theorem~\ref{thm:Weil-criterion} yields the claim.,?,0.50,self-crossref,low,
CN-2709,/Users/emalam/Documents/GitHub/RH_2025_V3_October/Q3_paper/sections/Weil_linkage.tex,\end{proof}  \begin{remark}[On normalization and scope] The normalization in \textup{(T0)} matches the Guinand--Weil conventions; thus Theorem~\ref{thm:Weil-criterion} applies verbatim.,Guinand1955;Weil1952,0.50,self-crossref,low,resolved
CN-2710,/Users/emalam/Documents/GitHub/RH_2025_V3_October/Q3_paper/sections/Weil_pack.tex,\begin{remark}[Dependency map]\label{rem:weil-dependency} The sufficiency argument uses the following chain: \[   \text{(T0)} \;\Longrightarrow\; \text{(A1$'$)} \overset{\text{dens.}}{\Longrightarrow},Weil1952,0.50,external-claim,high,resolved
CN-2711,/Users/emalam/Documents/GitHub/RH_2025_V3_October/Q3_paper/sections/Weil_pack.tex,"\] Refer to Theorem~\ref{t0:lem:T0} for (T0), Theorem~\ref{a1:thm:A1-local-density} for (A1$'$), Lemma~\ref{a2:lem:A2} for (A2), Lemmas~\ref{lem:rkhs-weil-isometry} and \ref{lem:rkhs-rayleigh-sampling",?,1.00,self-crossref,low,
CN-2712,/Users/emalam/Documents/GitHub/RH_2025_V3_October/Q3_paper/sections/Weil_pack.tex,Every arrow is justified in the proof of Theorem~\ref{thm:weil-sufficiency-pack}.,?,0.50,self-crossref,low,
CN-2713,/Users/emalam/Documents/GitHub/RH_2025_V3_October/Q3_paper/sections/Weil_pack.tex,"\end{remark}  \begin{theorem}[Weil sufficiency pack]\label{thm:weil-sufficiency-pack} Assume the hypotheses of Theorem~\ref{thm:Main-positivity}, namely (T0), density \textnormal{(A1$'$)} on each comp",?,1.00,self-crossref,low,
CN-2714,/Users/emalam/Documents/GitHub/RH_2025_V3_October/Q3_paper/sections/Weil_pack.tex,"Then $Q(\Phi)\ge0$ for all even, nonnegative $\Phi\in C_c(\RR)$, and hence the Riemann Hypothesis would follow from Weil's positivity criterion.",Li1997,0.50,external-claim,high,resolved
CN-2715,/Users/emalam/Documents/GitHub/RH_2025_V3_October/Q3_paper/sections/Weil_pack.tex,\end{theorem}  \begin{proof} By Lemma~\ref{lem:rkhs-weil-isometry} the RKHS and Weil pictures are isometric on the working subspace.,?,1.00,self-crossref,low,
CN-2716,/Users/emalam/Documents/GitHub/RH_2025_V3_October/Q3_paper/sections/Weil_pack.tex,"Together with Lemmas~\ref{lem:rkhs-rayleigh-sampling-id} and \ref{a3:lem:prime-L2-trace} we transfer the mixed lower bound of Theorem~\ref{thm:A3} to the quadratic functional $Q$, while Corollary~\ref",?,1.00,self-crossref,low,
CN-2717,/Users/emalam/Documents/GitHub/RH_2025_V3_October/Q3_paper/sections/Weil_pack.tex,Density (Theorem~\ref{a1:thm:A1-local-density}) and continuity (Lemma~\ref{a2:lem:A2}) upgrade positivity from the Fej\'er$\times$heat cone to all of $W_K$.,?,1.00,self-crossref,low,
CN-2718,/Users/emalam/Documents/GitHub/RH_2025_V3_October/Q3_paper/sections/Weil_pack.tex,"Finally, Lemma~\ref{lem:T5-transfer} propagates positivity along an exhaustion $K\uparrow\infty$, giving $Q\ge0$ on the Weil test class.",?,0.75,self-crossref,low,
CN-2719,/Users/emalam/Documents/GitHub/RH_2025_V3_October/Q3_paper/sections/abstract.tex,"Establishing $Q\ge 0$ on the full Weil class requires a precise chain of analytic inputs: normalization, local density, continuity, a Toeplitz--symbol bridge, control of the prime contribution, and a ",BoettcherSilbermann2006,0.75,external-claim,high,resolved
CN-2720,/Users/emalam/Documents/GitHub/RH_2025_V3_October/Q3_paper/sections/abstract.tex,"A purely analytic RKHS contraction yields a uniform bound on the prime operator, completing the mixed estimate on every compact.",Aronszajn1950,0.75,method-outline,medium,resolved
CN-2721,/Users/emalam/Documents/GitHub/RH_2025_V3_October/Q3_paper/sections/abstract.tex,"Finally, the monotone compact-transfer argument (T5) propagates positivity from all $W_K$ to the full Weil class.",GriffinOnoRolenZagier2019,0.50,external-claim,high,resolved
CN-2722,/Users/emalam/Documents/GitHub/RH_2025_V3_October/Q3_paper/sections/abstract.tex,By Weil's positivity criterion this establishes the Riemann Hypothesis within our normalization.,Li1997,0.50,external-claim,high,resolved
CN-2723,/Users/emalam/Documents/GitHub/RH_2025_V3_October/Q3_paper/sections/introduction.tex,"\section{Introduction}\label{sec:intro}  \subsection*{Background and motivation} We prove that a canonical quadratic form on the Weil test class is nonnegative, and therefore\textemdash{}by the Weil c",Weil1952,0.50,external-claim,high,resolved
CN-2724,/Users/emalam/Documents/GitHub/RH_2025_V3_October/Q3_paper/sections/introduction.tex,"The entire argument is analytic: every bound is established on paper from explicit inequalities, the parameters are given in closed form, and the choices along compact exhaustions are monotone.",GriffinOnoRolenZagier2019,0.50,external-claim,high,resolved
CN-2725,/Users/emalam/Documents/GitHub/RH_2025_V3_October/Q3_paper/sections/introduction.tex,"\subsection*{Main result} \begin{theorem}[Main result, informal]\label{thm:intro-main-informal} Let $Q$ be the quadratic form fixed in Section~\ref{sec:T0} on the Weil class $\mathcal{W}$.",?,0.50,self-crossref,low,
CN-2726,/Users/emalam/Documents/GitHub/RH_2025_V3_October/Q3_paper/sections/introduction.tex,\] Via Theorem~\ref{thm:Weil-criterion} (the Weil criterion) this positivity is equivalent to the Riemann Hypothesis.,?,1.00,self-crossref,low,
CN-2727,/Users/emalam/Documents/GitHub/RH_2025_V3_October/Q3_paper/sections/introduction.tex,"\subsection*{Archimedean bridge} \emph{(A3) Archimedean Toeplitz barrier.} On each compact window $W_K=[-K,K]\subset\RR$ we bound from below the Toeplitz component $T_M[P_A]$ of $Q$ by an \emph{archim",BoettcherSilbermann2006,0.50,method-outline,medium,resolved
CN-2728,/Users/emalam/Documents/GitHub/RH_2025_V3_October/Q3_paper/sections/introduction.tex,\subsection*{Prime contraction} \emph{(RKHS) Prime contraction without tables.} The prime contribution is encoded by a sampling operator $T_P$ supported on the nodes $\xi_n=\frac{\log n}{2\pi}$ with w,Aronszajn1950,0.50,method-outline,medium,resolved
CN-2729,/Users/emalam/Documents/GitHub/RH_2025_V3_October/Q3_paper/sections/introduction.tex,Section~\ref{sec:rkhs-prime-cap} develops a \emph{tables-free} upper bound on $\|T_P\|$ inside the reproducing-kernel Hilbert space of the heat flow.,?,1.00,self-crossref,low,
CN-2730,/Users/emalam/Documents/GitHub/RH_2025_V3_October/Q3_paper/sections/introduction.tex,"\subsection*{Outline of the proof}  Combining the Toeplitz barrier and the RKHS cap yields, on each $W_K$, \[   \lambda_{\min}\!\big(T_M[P_A]-T_P\big)   \ \ge\ c_0(K)\ -\ C\,\omega_{P_A}\!\Big(\frac{\",Aronszajn1950;BoettcherSilbermann2006,0.50,internal-proof,medium,resolved
CN-2731,/Users/emalam/Documents/GitHub/RH_2025_V3_October/Q3_paper/sections/introduction.tex,"Positivity on $\bigcup_i W_{K_i}$ extends by definition to all of $\mathcal{W}$, proving $Q\ge0$ in Theorem~\ref{thm:Main-positivity}.",?,0.50,self-crossref,low,
CN-2732,/Users/emalam/Documents/GitHub/RH_2025_V3_October/Q3_paper/sections/introduction.tex,Finally Section~\ref{sec:Weil} applies Theorem~\ref{thm:Weil-criterion} to convert this positivity into the Riemann Hypothesis.,?,0.75,self-crossref,low,
CN-2733,/Users/emalam/Documents/GitHub/RH_2025_V3_October/Q3_paper/sections/introduction.tex,"\begin{enumerate}   \item \textbf{A tables-free prime contraction.} The norm of the prime operator is bounded analytically in an RKHS, via either Gram geometry or an early/tail split.",Aronszajn1950,0.75,method-outline,medium,resolved
CN-2734,/Users/emalam/Documents/GitHub/RH_2025_V3_October/Q3_paper/sections/introduction.tex,"The parameter schedules $(M^\star(K),t^\star(K))$ are given by explicit formulas and chosen to be monotone in $K$, yielding an auditable, dimension-free route from positivity on one compact to positiv",GriffinOnoRolenZagier2019,0.50,external-claim,high,resolved
CN-2735,/Users/emalam/Documents/GitHub/RH_2025_V3_October/Q3_paper/sections/introduction.tex,Section~\ref{sec:Weil} links compact positivity to the full Weil class and states the main theorem together with its Weil corollary.,?,0.75,self-crossref,low,
CN-2736,/Users/emalam/Documents/GitHub/RH_2025_V3_October/Q3_paper/sections/introduction.tex,"$(\mathrm{A1'})$ proves density of the Fej\'er$\times$heat generator cone on each compact, and $(\mathrm{A2})$ supplies Lipschitz continuity so that positivity propagates from the generators to all ev",Li1997,0.50,method-outline,medium,resolved
CN-2737,/Users/emalam/Documents/GitHub/RH_2025_V3_October/Q3_paper/sections/introduction.tex,$(\mathrm{A3})$ is the Toeplitz bridge: it splits $Q$ into an Archimedean Toeplitz symbol and a finite-rank prime block with explicit lower bounds on $\lambda_{\min}$.,BoettcherSilbermann2006,0.50,method-outline,medium,resolved
CN-2738,/Users/emalam/Documents/GitHub/RH_2025_V3_October/Q3_paper/sections/introduction.tex,"% [CITATION NEEDED id=CN-001   %  scope=Cautionary analysis on RH counterexamples/false proofs   %  hint=""Critical analysis of claimed counterexamples to RH; skepticism on RH proofs""   %  suggested_ke",cairo2025counterexample;Conrey2003,0.50,internal-proof,medium,
CN-2739,/Users/emalam/Documents/GitHub/RH_2025_V3_October/Q3_paper/sections/introduction.tex,"User should choose: (A) remove this phrase, or (B) replace with authoritative survey."" ] \end{itemize}  \noindent While these works influenced our methodology, our approach is fundamentally distinct: ",?,0.75,external-check,medium,
CN-2740,/Users/emalam/Documents/GitHub/RH_2025_V3_October/Q3_paper/sections/scope_notation.tex,"\section{Positioning and Scope}\label{sec:scope}  This work introduces a quantitative, modular operator framework for the Weil criterion that transfers positive semidefiniteness (PSD) of structured To",Weil1952,1.00,external-claim,high,resolved
CN-2741,/Users/emalam/Documents/GitHub/RH_2025_V3_October/Q3_paper/sections/scope_notation.tex,"\begin{itemize}   \item \textbf{What this is:} A unified blueprint with explicit constants (modulus of continuity of the symbol, RKHS Gram tail, node spacing, tail cutoffs) that composes into a global",Aronszajn1950,0.50,method-outline,medium,resolved
CN-2742,/Users/emalam/Documents/GitHub/RH_2025_V3_October/Q3_paper/sections/scope_notation.tex,"\item \textbf{What this is not:} No claim of new zero-free regions, density results for zeta zeros, or numerical hypotheses about zeros.",?,0.75,external-check,medium,
CN-2743,/Users/emalam/Documents/GitHub/RH_2025_V3_October/Q3_paper/sections/scope_notation.tex,The pathway works entirely through the Weil criterion.,Weil1952,0.50,external-claim,high,resolved
CN-2744,/Users/emalam/Documents/GitHub/RH_2025_V3_October/Q3_paper/sections/scope_notation.tex,"\item \textbf{Modularity:} Local improvements (sharper symbol modulus, tighter spacing/tail estimates, smaller effective weights) increase the contraction slack and propagate to strengthen $Q\ge0$ on ",?,0.50,external-check,medium,
CN-2745,/Users/emalam/Documents/GitHub/RH_2025_V3_October/Q3_paper/sections/scope_notation.tex,"\item \textbf{Test class:} Even, nonnegative, compactly supported frequency tests; cone-density and Lipschitz continuity are used to extend positivity across the class on each compact and then to the ",Li1997,0.50,method-outline,medium,resolved
CN-2746,/Users/emalam/Documents/GitHub/RH_2025_V3_October/Q3_paper/sections/scope_notation.tex,"The symbol barrier yields $\lambda_{\min}(T_M[P_A])\ge \min P_A - C\,\omega_{P_A}(\pi/M)$; the prime norm is bounded in an Arch-induced RKHS by $\|T_P\|\le w_{\max}+\sqrt{w_{\max}}\,\eta_K$ with $w_{\",Aronszajn1950,0.50,method-outline,medium,resolved
CN-2747,/Users/emalam/Documents/GitHub/RH_2025_V3_October/Q3_paper/sections/scope_notation.tex,Each item is proved in the indicated place and recorded explicitly so that Theorem~\ref{thm:Main-positivity} and the Weil linkage (Section~\ref{sec:Weil}) invoke a single hypothesis list.,?,1.00,self-crossref,low,
CN-2748,/Users/emalam/Documents/GitHub/RH_2025_V3_October/Q3_paper/sections/scope_notation.tex,\item[(H2)] $(\mathrm{A1}')$ --- Density of the Fej\'er$\times$heat cone on every $W_K$ (Theorem~\ref{a1:thm:A1-local-density}).,?,0.50,self-crossref,low,
CN-2749,/Users/emalam/Documents/GitHub/RH_2025_V3_October/Q3_paper/sections/scope_notation.tex,"\item[(H4)] $(\mathrm{A3})$ --- Toeplitz bridge with Arch margin $c_{\mathrm{arch}}(K)>0$, RKHS cap $\rho(t_{\mathrm{rkhs}})\le c_{\mathrm{arch}}(K)/4$, and discretisation threshold $M_0(K)$ (Theorem~",Aronszajn1950;BoettcherSilbermann2006,0.75,internal-proof,medium,resolved
CN-2750,/Users/emalam/Documents/GitHub/RH_2025_V3_October/Q3_paper/sections/scope_notation.tex,\item[(H5)] $(\mathrm{RKHS})$ or $(\mathrm{MD/IND/AB})$ --- prime contraction via the RKHS route (Theorem~\ref{thm:rkhs-tstar}) or the archival MD/IND/AB chain (Theorem~\ref{md:thm:INDprime}).,?,0.50,self-crossref,low,
CN-2751,/Users/emalam/Documents/GitHub/RH_2025_V3_October/Q3_paper/sections/scope_notation.tex,\item[(H6)] $(\mathrm{T5})$ --- compact-by-compact transfer of positivity (Theorem~\ref{thm:T5-compact}).,?,0.50,self-crossref,low,
CN-2752,/Users/emalam/Documents/GitHub/RH_2025_V3_October/Q3_paper/sections/scope_notation.tex,"\end{description}  Sections~\ref{sec:T0}--\ref{sec:T5} establish (H1)--(H6); the closure Theorem~\ref{thm:Main-positivity} assumes precisely these hypotheses, and Theorem~\ref{thm:RH} invokes (H1)--(H",?,0.75,self-crossref,low,
